소속사,그룹,연예인 이름,사건 날짜,사건 내용
JYP,2PM,준케이,2018-02-10,"2018년 2월 10일, 오전 7시 강남구 신사역에서 음주운전 을 하다가 단속에 적발됐다. 당시 그의 혈중알코올농도는 0.074%로 면허정지 수준이였다."
JYP,2PM,준케이,2018-02-19,"2018년 2월 19일 강원도 평창군 메달플라자에서 열리는 '헤드라이너쇼'에 참석할 예정이었지만 그의 음주운전으로 6인조 완전체를 볼 수 있는 기회가 완전히 날아갔다. 그렇게 같은 그룹의 멤버 가 저지른 범죄 를 자신도 똑같이 저질러버리게 됐다. 기사 소속사 JYP엔터테인먼트 측은 13일 ""본사 소속 아티스트 준케이의 음주운전 사실에 대해 진심으로 사과드립니다""라고 공식 입장을 밝혔다. 당분간 모든 한국 활동을 중단하지만 일본 활동은 일본 회사와 계약이 되어 버린 관계로 3월 22일까지 진행되는 일본 솔로 투어를 마무리한 후에 자숙에 들어갔다."
JYP,2PM,준케이,2018-04-10,"2018년 4월 10일 자로 JUN. K는 KBS·EBS·MBC는 물론이고, MBN와 JTBC 등의 케이블 방송사에서도 출연정지 명단에 올랐다."
JYP,2PM,준케이,2018-05-08,2018년 5월 8일 공식 홈페이지에 반성하며 살겠다는 자필 편지를 남기고 비공개 입대를 했다.
JYP,2PM,준케이,2021-01-29,2021년 1월 29일에 방송된 MBC 예능 프로그램 나 혼자 산다 - 장우영 편에 별다른 블러 처리나 편집 없이 자료 화면으로 등장함으로써 MBC 출연 정지가 해제되었다.
JYP,2PM,준케이,2020-12-13,"2020년 12월 13일에 방송된 MBN 예능 프로그램 '더 먹고 가'에 게스트로 출연함으로써 MBN 출연 정지도 해제되었다. 2021년 방송된 JTBC 예능 프로그램 ‘아는 형님’에 게스트로 출연, KBS 음악 프로그램 ‘뮤직뱅크’에 출연하면서 JTBC, KBS 출연 정지도 해제되었다."
JYP,2PM,준케이,2018-06-07,"2018년 6월 7일, JYP엔터테인먼트는 공식 홈페이지 등을 통해 ""준케이는 훈련소 입소 후 어깨 통증을 느껴 국군병원에서 관련 진료와 처방을 받은 적은 있으나, 그 외에는 이상 없이 건강하게 훈련 중에 있습니다""라고 밝혔다. 강원도의 한 신병교육대서 훈련을 받던 중 턱 신경이 마비로 인해 고통을 호소했다는 한 매체의 보도를 반박한 것. 또 ""지난 5월 입대 후 훈련병 중 소대장훈련병으로 선발되고, 필기시험 등에서도 좋은 성적을 얻어 멤버들에게도 포상 전화를 하는 등 모범적인 군생활을 하고 있습니다""라고도 덧붙여 해당 논란을 가라앉혔다."
JYP,2PM,준케이,2012-07-24,"2012년 7월 24일 , 새벽 3시에 음주운전 교통사고를 냈는데 혈중 알코올 농도를 쟀더니 면허 정지에 달하는 수치 가 나왔다. 다행히 피해자가 큰 부상을 입진 않았고 원만하게 합의를 봤으나 이미 엎질러진 물이었다. 면허 정지 수준에 교통사고까지 냈음에도 불구하고 대한민국 에서는 사건 직후에 터진 티아라 화영 왕따 논란 이 한국 사회에 던진 파급력이 너무 강해 본인 입장에서는 운 좋게도 묻혀버렸다. 여러 반면 닉쿤의 고향인 태국 에서는 상당히 큰 이슈가 되었다. 거의 모든 일간지의 헤드라인으로 떴을 정도였다. 다만 이 당시 소속사 의 답답한 일처리와 닉쿤의 대중성이 환장의 시너지를 이루어 수많은 오보가 생산되었다. 첫 번째로 닉쿤이 숙취해소제를 사갔다는 편의점 직원의 후기 루머인데, 사고를 낸 닉쿤이 너무 당황해 보여, 주변 사람들 중 한 명이 음료수라도 마시라 했던 것이 마치 닉쿤이 혈중 알코올 농도를 낮추기 위해 숙취해소제를 산 것처럼 퍼졌던 것이다. 사실 닉쿤이 편의점에서 샀던 것은 토마토 주스였고, 담당 경찰관에 의하면 음료 섭취는 혈중 알코올 농도를 측정하는 데 아무런 문제가 없는 것으로 판명되었다. 하지만 깔 사람들은 깐다고, 영국 에서 토마토 주스가 숙취해소제로 사용된다는 정보를 누군가 올렸는데, 닉쿤이 이 목적으로 토마토 주스를 샀는지, 애초에 이 정보를 알고 있었는지에 대한 여부는 정확하지 않다. 방송사마다 입맛에 맞는 목격자를 골랐는지, 방송마다 목격자들의 뉘앙스가 달랐는데 이 중 부정적으로 언급했던 방송은 KBS 생생정보통 뿐이었다. 목격자들의 공통된 의견 또한 ""닉쿤이 음료수를 샀지만 음주 측정을 하기 전에 음료수를 마시지 않았다""이므로 닉쿤이 음료수를 산 목적이 무엇인지는 아무도 알 수가 없다. 음주측정 기본적으로 음주측정을 할 때는 하차 후에 아무것도 마시지 못한다. 다만 운전자가 요청할 경우, 경찰 측에서 준비한 물을 한 잔 정도 마시는 건 허용된다. 음주측정을 나갈 때 챙기는 준비물에는 생수병이 포함된다. 그리고 음주 1차 측정에 적발되어 차를 정차하고 하차를 하게되면 운전자는 2차측정을 하기 전까지 다른 곳으로 이동할 수가 없다. 음주측정치에 변동이 생길 수 있기 때문에 그리고 혹시라도 도주하게 되면 생기는 책임문제 때문에 경찰이 절대 보내주지 않는다. 그렇기 때문에 편의점에서 무언가를 샀다면 2차측정 이후라고 추측할 수 있다. 두 번째로는 닉쿤이 진술서에 달랑 한 줄을 적었다는 기사로 또 다시 거센 비난을 받았는데, 그 당시 닉쿤이 작성했던 진술서는 ‘음주운전자 정황 진술 보고서’다. 취재진이 해당 양식을 경찰서에서 확인해본 결과, 진술서에 기재하는 분량은 단 ‘한 줄’뿐이었다. 당시 사건을 담당했던 경찰 관계자는 ENews에 “원래 이건 한 줄을 쓰는 거다. 와전된 보도로 비난여론이 많다”고 말했다. 참고기사 . 또한 경찰은 닉쿤이 성실하게 경찰의 조사에 협조했다고 밝혔다. 이 사건으로 인해 그는 < 코이카 의 꿈>에 출연하기 전까지 자숙의 시간을 가졌다. 이후 방송에서 밝힌 바에 따르면, 한 달 반 동안 숙소에만 있었는데 자신이 너무 미워 용서할 수 없었고 부모를 만나기도 미안해, 이대로는 미쳐버릴 것같아 자숙기간 동안 장애인 시설을 찾아가서 봉사하면서 지냈다고 한다. 또한 2PM은 당시 2012년 9월을 목표로 컴백을 준비 중이었으나, 이 사건으로 인해 차질이 생기면서 내부 회의 중 닉쿤을 제외한 5인 활동 혹은 유닛 활동을 제안받기도 했으나 멤버들이 닉쿤을 제외한 활동은 하지 않겠다는 의사를 확고히 하였고 이후 2013년 5월, 정규 3집 < Grown >으로 컴백하게 되었다. 일이 이렇게 되자, 네이버 와 다음 등의 포털사이트에서는 닉쿤의 프로필 사진을 < Hands Up > 사진에서 < 2PM Member's Selection > 사진으로 바꾸었다."
JYP,2PM,준케이,2018-02-14,2018년 2월 14일 에 음주운전으로 적발되면서 해당 사건이 다시 한 번 재조명받게 되었다.
JYP,2PM,준케이,2013-12-12,"2013년 12월 12일부에 병무청 으로부터 현역판정을 받았다. 미국에 이민을 가면서 얻었던 미국 영주권 과 공익 판정 도 모두 물리치며 현역으로 군 입대할 예정인 남자 연예인 으로 까방권을 획득했다는 평가. 다만, 미국 영주권을 갖고있다해서 한국 국적이 상실된 것은 아니기에 원래도 병역의 의무는 행했어야했다."
JYP,2PM,닉쿤,2012-07-24,"2012년 7월 24일 , 새벽 3시에 음주운전 교통사고를 냈는데 혈중 알코올 농도를 쟀더니 면허 정지에 달하는 수치 가 나왔다. 다행히 피해자가 큰 부상을 입진 않았고 원만하게 합의를 봤으나 이미 엎질러진 물이었다. 면허 정지 수준에 교통사고까지 냈음에도 불구하고 대한민국 에서는 사건 직후에 터진 티아라 화영 왕따 논란 이 한국 사회에 던진 파급력이 너무 강해 본인 입장에서는 운 좋게도 묻혀버렸다. 여러 반면 닉쿤의 고향인 태국 에서는 상당히 큰 이슈가 되었다. 거의 모든 일간지의 헤드라인으로 떴을 정도였다. 다만 이 당시 소속사 의 답답한 일처리와 닉쿤의 대중성이 환장의 시너지를 이루어 수많은 오보가 생산되었다. 첫 번째로 닉쿤이 숙취해소제를 사갔다는 편의점 직원의 후기 루머인데, 사고를 낸 닉쿤이 너무 당황해 보여, 주변 사람들 중 한 명이 음료수라도 마시라 했던 것이 마치 닉쿤이 혈중 알코올 농도를 낮추기 위해 숙취해소제를 산 것처럼 퍼졌던 것이다. 사실 닉쿤이 편의점에서 샀던 것은 토마토 주스였고, 담당 경찰관에 의하면 음료 섭취는 혈중 알코올 농도를 측정하는 데 아무런 문제가 없는 것으로 판명되었다. 하지만 깔 사람들은 깐다고, 영국 에서 토마토 주스가 숙취해소제로 사용된다는 정보를 누군가 올렸는데, 닉쿤이 이 목적으로 토마토 주스를 샀는지, 애초에 이 정보를 알고 있었는지에 대한 여부는 정확하지 않다. 방송사마다 입맛에 맞는 목격자를 골랐는지, 방송마다 목격자들의 뉘앙스가 달랐는데 이 중 부정적으로 언급했던 방송은 KBS 생생정보통 뿐이었다. 목격자들의 공통된 의견 또한 ""닉쿤이 음료수를 샀지만 음주 측정을 하기 전에 음료수를 마시지 않았다""이므로 닉쿤이 음료수를 산 목적이 무엇인지는 아무도 알 수가 없다. 음주측정 기본적으로 음주측정을 할 때는 하차 후에 아무것도 마시지 못한다. 다만 운전자가 요청할 경우, 경찰 측에서 준비한 물을 한 잔 정도 마시는 건 허용된다. 음주측정을 나갈 때 챙기는 준비물에는 생수병이 포함된다. 그리고 음주 1차 측정에 적발되어 차를 정차하고 하차를 하게되면 운전자는 2차측정을 하기 전까지 다른 곳으로 이동할 수가 없다. 음주측정치에 변동이 생길 수 있기 때문에 그리고 혹시라도 도주하게 되면 생기는 책임문제 때문에 경찰이 절대 보내주지 않는다. 그렇기 때문에 편의점에서 무언가를 샀다면 2차측정 이후라고 추측할 수 있다. 두 번째로는 닉쿤이 진술서에 달랑 한 줄을 적었다는 기사로 또 다시 거센 비난을 받았는데, 그 당시 닉쿤이 작성했던 진술서는 ‘음주운전자 정황 진술 보고서’다. 취재진이 해당 양식을 경찰서에서 확인해본 결과, 진술서에 기재하는 분량은 단 ‘한 줄’뿐이었다. 당시 사건을 담당했던 경찰 관계자는 ENews에 “원래 이건 한 줄을 쓰는 거다. 와전된 보도로 비난여론이 많다”고 말했다. 참고기사 . 또한 경찰은 닉쿤이 성실하게 경찰의 조사에 협조했다고 밝혔다. 이 사건으로 인해 그는 < 코이카 의 꿈>에 출연하기 전까지 자숙의 시간을 가졌다. 이후 방송에서 밝힌 바에 따르면, 한 달 반 동안 숙소에만 있었는데 자신이 너무 미워 용서할 수 없었고 부모를 만나기도 미안해, 이대로는 미쳐버릴 것같아 자숙기간 동안 장애인 시설을 찾아가서 봉사하면서 지냈다고 한다. 또한 2PM은 당시 2012년 9월을 목표로 컴백을 준비 중이었으나, 이 사건으로 인해 차질이 생기면서 내부 회의 중 닉쿤을 제외한 5인 활동 혹은 유닛 활동을 제안받기도 했으나 멤버들이 닉쿤을 제외한 활동은 하지 않겠다는 의사를 확고히 하였고 이후 2013년 5월, 정규 3집 < Grown >으로 컴백하게 되었다. 일이 이렇게 되자, 네이버 와 다음 등의 포털사이트에서는 닉쿤의 프로필 사진을 < Hands Up > 사진에서 < 2PM Member's Selection > 사진으로 바꾸었다."
JYP,2PM,닉쿤,2018-02-14,2018년 2월 14일 에 음주운전으로 적발되면서 해당 사건이 다시 한 번 재조명받게 되었다.
JYP,2PM,택연,2013-12-12,"2013년 12월 12일부에 병무청 으로부터 현역판정을 받았다. 미국에 이민을 가면서 얻었던 미국 영주권 과 공익 판정 도 모두 물리치며 현역으로 군 입대할 예정인 남자 연예인 으로 까방권을 획득했다는 평가. 다만, 미국 영주권을 갖고있다해서 한국 국적이 상실된 것은 아니기에 원래도 병역의 의무는 행했어야했다."
JYP,트와이스,나연,2016-02-21,"2016년 2월 21일, 나연 이 TWICE 공식 인스타그램 에 소녀시대 태연 의 곡 '비밀(Secret)'을 팬들에게 추천하며 스트리밍하는 사진을 캡쳐해 올렸는데, 사진 속 스트리밍 사이트가 SoundCloud 라서 논란이 되었다. SoundCloud는 독일 의 베를린 에 본사를 두고 있는 음악 스트리밍 서비스 업체로 사용자는 자신이 개발한 음원이나 타인에게 허가를 받은 음원을 자유롭게 공유하고 다운받을 수 있다. 이러한 특성 덕분에 다양한 아마추어 아티스트들이 자신의 곡을 올려 공유하거나 기존 음원의 리믹스 가 자유롭게 올라오기도 하며 이미 유명한 해외 Drake , 국내 백예린 , GOT7 의 JAY B 와 방탄소년단 멤버들과 같이 많은 가수들도 자신의 미발매된 미공개 작업물들을 올리기도 한다. 그런데 문제는 SoundCloud가 과거 한국의 스트리밍 사이트인 소리바다 처럼 이용자들이 자유롭게 공유하는 특성상 저작권에 취약하다는 점이다. 물론 SoundCloud에도 엄연히 저작권 정책이 있고 정식 음원이 합법적으로 유통되며, 저작권을 침해한 다른 음원은 Kaskade 와 DJ 마틴 개릭스 의 사례와 같이 삭제되기도 한다. 그러나 무수한 편법이 있기 마련이고 특히 한국 음원의 경우 정식 계약 혹은 인증을 받지 않으면 제대로 보호해 주지 않아 저작권을 위배한 음원이 판치는 경우가 많다. 어찌되었건 간에 저작권을 철저히 준수해야 할 케이팝 아이돌이 저작권을 위배한 음원 서비스를 이용한 것은 경솔한 행동이었다는 네티즌들의 지적이 이어졌다. TWICE 나연, 불법 음원 인증 사과 ""주의하겠다"" 결국 나연은 자신의 잘못을 시인하고 해당 게시물을 삭제한 후 곧바로 사과문을 게시하며 빠르게 대응했다. 나연이 태연의 열렬한 팬인 점과, 무엇보다 태연의 노래를 매우 좋아하고 그것을 팬들에게 추천하다가 일어난 일이기에 태연의 팬들도 나연의 발빠른 사과 이후에는 더 이상 이를 문제삼지 않았으며 원만하게 해소되었다."
JYP,트와이스,나연,2019-12-09,"2019년 12월 9일에 이 남성은 다시 한국에 입국하였고, 이를 인지한 JYP 측의 공지가 있었다. 안녕하세요, JYPE 입니다."
JYP,트와이스,나연,2019-12-09,"2019년 12월 9일) 최근 SNS 및 커뮤니티등을 통해 알려진 스토킹으로 추정되는 발언 및 사안에 대해 자사는 해당 내용을 정확히 인지하고 있으며, 가용한 법적 조치를 요청 중인 가운데, 해당 아티스트에 대한 경호 조치를 진행할 계획 입니다. 본 사안에 관련된 사항에 대해 팬 분들의 적극적인 제보를 부탁 드리며, 소속사로서 아티스트의 안전 확보를 위한 최선의 조치를 기울이도록 하겠습니다. 감사합니다. JYP 측 “트와이스 스토커 문제 인지, 아티스트 안전에 최선”(공식) 안녕하세요, JYPE 입니다."
JYP,트와이스,나연,2019-12-19,"2019년 12월 19일) 기공지드린 스토킹 이슈에 대한 대응 경과 관련, 관할 경찰서에 신변보호요청을 완료하여 현재 해당 조치가 실행 중임을 알려 드립니다. 아울러, 전체 일정에 대한 경호 조치가 함께 진행 중입니다. 가용한 모든 법적 조치를 지속 검토하고 있으며, 검토가 완료되는 즉시 최대 수위의 조치를 진행할 계획입니다. 또한, 지난번 악의적 루머의 생산 및 유포에 대해 고소, 고발 조치가 진행 중임을 알려 드린 바 있습니다. 본 건에 대해서도 관계 기관의 최종 판결이 나오는대로 결과에 따라 고소, 고발 대상에 대한 민사 조치 진행을 준비 중인 점 함께 말씀 드립니다. 아티스트의 인격권 보호를 비롯, 최대한 안정된 활동을 위해 이를 저해하는 모든 종류의 사안들에 대해 자사는 절대 선처 없이 가능한 모든 엄중한 조치를 지속적으로 기울일 것임을 다시 한번 말씀 드립니다. 팬 분들의 많은 제보 부탁 드리며, 아티스트의 건강한 활동을 위해 소속사로서 최선의 노력을 기울이겠습니다. 감사합니다."
JYP,트와이스,나연,2019-12-29,2019년 12월 29일에 TWICE 가 NHK 홍백가합전 으로 일본에 출국하는 공항에서 팬들에 의해 스토커가 포착되었다.
JYP,트와이스,나연,2020-01-01,2020년 1월 1일 TWICE 가 NHK 홍백가합전 을 마치고 한국으로 귀국하는 비행기에서 나연 에게 접근을 시도했다. 안녕하세요 JYPE 입니다.
JYP,트와이스,나연,2020-01-01,"2020년 1월 1일) 금일 일본에서 귀국하는 비행편에 멤버 나연에 대한 해외 스토커가 동승하여, 멤버 본인에게 지속적인 접근을 시도하는 등 기내에서 큰 소란이 있었습니다. 즉각 대응하여 다행히 아티스트에게 직접적인 피해는 없었으나, 많은 불편함과 불안함을 토로하고 있습니다. 현재 나연은 본 사안으로 인해 경찰 신변보호 중이며, 스토커 본인에게 절대 접근하지 말 것을 이미 수차례 경찰관 입회 하에 경고 하였으나 이를 무시하고 접근하려 했던 점, 자사 인력과 언성을 높이고 충돌하려 한 점 등 해외 스토커 본인은 지속적인 경고에도 불구하고 일말의 반성없이 문제되는 행동을 더욱 높은 수위로 지속하고 있습니다. 이에 자사는 본 건에 대해 가장 높은 강도의 모든 법적 조치를 즉시 강구할 것임을 말씀 드립니다. 아울러, 아티스트의 항공 정보가 불법적으로 판매 및 유포되고 있다는 점에 대해서도 정황을 파악하고 있습니다. 이 문제에 대해서도 본 사안을 계기로 반드시 근절 방안을 모색하고 실행할 것임을 함께 말씀 드립니다. 금일 사안으로 인해 큰 불편을 끼쳐드린 기내 승객분들께 다시 한번 깊은 사과 말씀 드립니다. 이런 일이 재발하지 않도록 조치하겠습니다. 감사합니다."
JYP,트와이스,나연,2020-01-08,2020년 1월 8일 JYP 는 서울강남경찰서 에 해당 스토커를 업무 방해죄로 형사 고발 했다고 밝혔다. 형사 고발 뿐만 아니라 나연에게 접근 금지 가처분 신청을 했다고 밝혔다.
JYP,트와이스,나연,2020-01-26,2020년 1월 26일 이 남성은 비정상적이고 불법적인 경로로 습득한 채영 의 전화번호를 인터넷에 유출시켰다. 결국 피해를 입은 채영 이 전화번호 유출에 대한 저격글 을 올렸다.
JYP,트와이스,나연,2020-03-28,"2020년 3월 28일 코로나바이러스감염증-19 때문에 독일로 귀국했으며, 사태가 진정될 시 한국으로 다시 돌아오겠다 고 한다."
JYP,트와이스,나연,2020-03-18,"2020년 3월 18일 JYP 는 나연의 독일 스토커에 대한 접근 금지 가처분을 취하 하고 형사 고발을 그대로 진행하겠다고 밝혔다. 이미 스토커가 독일로 돌아간 이상 접근 금지 가처분을 할 이유가 없다고 언급했고, 스토커가 다시 한국으로 들어올 경우 다시 가처분을 신청하겠다고 밝혔다. 또한 형사 고발은 여전히 유효하다. 다만 한 KPOP 뉴스 유튜브에서 법조인의 자문을 구한 바로는 입국 즉시 바로 경찰서에 연행되지는 못한다고 한다. 물론 현재 상황으로 보았을 땐 이 남성에게 법적인 조치를 충분히 가할 수 있는 상황 이라고 한다."
JYP,트와이스,나연,2022-09-21,2022년 9월 21일 유튜브 영상을 통해 한국에 입국했다는 사실이 밝혀졌다. JYP 는 법무팀을 통해 법적 대응을 검토중이라고 밝혔다.
JYP,트와이스,나연,2020-01-01,2020년 1월 1일 기내 난동 사건에 대해 8시간 조사를 받았음이 드러났다. 영상에서 그는 JYP 직원들이 오히려 자신을 공격을 했다며 나연 에게 제발 증인으로 나서달라며 호소하고 있다.
JYP,트와이스,나연,2022-10-12,2022년 10월 12일 JYP 가 거짓말을 한다며 그들은 그것에 대한 처벌을 받을 것이고 나연 에게 편지를 전해주고 확실한 답을 듣기 전까지는 절대 한국을 떠나지 않겠다 며 망상이 가득 찬 영상을 올렸다. 영상 속 경찰들이 모여 있는 사진에서 이 남성이 나연 이 현재 거주하는 숙소까지 찾아간 것 아니냐는 우려가 나오고 있다.
JYP,트와이스,나연,2022-10-16,"2022년 10월 16일 나연 이 사는 아파트의 공동 현관문까지 쫓아갔다고 스스로 말했고 , 여전히 JYP 와 한국 경찰들을 욕하며 나연 에게 확실한 답을 요구하고 있다."
JYP,트와이스,나연,2022-11-01,"2022년 11월 1일 서울중앙지법 까지 가게 되었음이 밝혀졌으며, 나연 이 2020년 1월에는 자신을 도와주었는데 왜 지금은 답변을 하지 않는지 모르겠다며, 당시 자신의 나연 에 대한 접근금지명령 이 취하된 상황에 대한 오해를 하고 있다. 당시 이 독일인 남성이 독일로 귀국하여 JYP 에서 더는 접근금지명령 을 유지할 필요가 없어 취하한 것이었는데, 이 남성은 나연 이 자신을 받아들여서 취하한 것으로 오해하고 있다. 또한, 나연을 그만 사랑하고 다른 여자를 만나야 하는지, 활동이 끝날 때까지 독일에서 기다릴지, 근시일내에 한국에서 만날 수 있는지 셋 중 하나로 꼭 대답해 달라고 요구하고 있다. 2023년 3월 나연 의 대답을 아직도 기다리고 있다는 내용의 영상을 올렸다."
JYP,트와이스,나연,2024-07-29,2024년 7월 29일 자신의 온라인 계정들이 많이 해킹당하며 고통을 받고 있지만 여전히 나연 의 대답을 기다린다는 영상을 올렸다.
JYP,트와이스,나연,2025-03-02,"2025년 3월 2일, 새로운 영상이 업로드되었다. 그는 여전히 과거 SIXTEEN 시절부터 나연 이 했던 몇몇 발언을 자신의 방식대로 왜곡하며 망상에 빠져, 나연 이 자신과 연애를 원하고 있다는 근거 없는 주장을 펼치고 있다. 또한 그는 아직도 나연 이 과거 접근금지명령 을 취하한 이유를 완전히 오해하고 있다. 당시 나연 이 접근금지명령 을 취하한 것은 이 스토커가 이미 독일 로 귀국한 후여서 더는 유지할 필요가 없었기 때문인데, 이를 나연 이 자신을 받아들였다는 신호로 해석하며 여전히 집착을 이어가고 있다. 특히 이번 영상에서 그는 '나연의 재계약이 곧 끝나는 걸로 알고 있는데 계약이 끝나면 나연의 분명한 답변을 요구한다', '자신이 나연 을 위해 지금까지 한국 돈으로 200억 원 가까이 사용했다'고 주장하며, 마치 실제로 나연 에게 거액을 쓰고 희생한 것처럼 선동하고 있다. 그러나 이 스토커는 단 한 번도 TWICE 는 물론, 나연 의 팬사인회나 콘서트, 공연에 참석한 적이 없으며, 앨범을 구매한 적도 없다. 애초에 그는 스스로 TWICE 의 팬이 아니라고 밝혀왔으며, 팬과 가수의 관계가 아니라 자신은 나연 과 특별한 관계라고 주장하며 망상에 빠져 있었다. 즉, 이 스토커가 나연 에게 직접적으로 돈을 쓴 적은 단 한 번도 없다. 그가 썼다는 돈은 오로지 자신의 비행기 값, 한국 체류 비용 등에 불과하며, 200억 원이라는 금액도 그가 실제로 한국에 체류했던 기간, 횟수 등을 생각하면 터무니없는 주장에 불과하다. 영상 후반부에서 '당장은 죽을 필요가 없지만, 본인 채널에 영상이 더 이상 올라오지 않는다면 본인은 사망했을 수도 있다'는 말까지 꺼내며 자신의 자살 가능성까지 거론하는 상황이다. 처음에는 나연 의 국제적인 인기에 편승해 관심을 받고 싶어하는 관심종자 로 여겨졌으나, 이제는 애초에 거액의 돈을 노리거나 매우 특수한 목적으로 기획된 범죄가 아니냐는 의혹까지 제기되고 있다. 단순한 개인의 일탈로 보기에는 어렵고, 그의 쌍둥이 형제까지 이 스토킹 범죄를 돕고 있으며, 그의 가족들 역시 정체불명인데다가 그를 자제시키려 하지 않고 있다. 더욱이 200억 원이라는 주장은 터무니없지만, 한국과 독일 을 오가는 비행기 값과 몇 달씩 한국에 체류하는 데 드는 주거비용을 고려하면, 직업도 없이 장기간 한국에 머무르는 데 최소한 수천만원~수억원 이상의 돈이 들었을 텐데, 그 자금이 어디에서 나왔는지도 의문이다. 게다가 이 스토커의 직업 역시 정확히 밝혀진 적이 없고 대한민국 법원까지 끌려간 상황인데도, 그가 어떻게 지속적으로 7년 째 이러한 행동을 이어가고 있는지에 대한 의심이 커지고 있다. 3월 2일 영상이 올라오기 며칠 전, JYP엔터테인먼트 는 스토커와 관련된 공식 공지를 발표했다. 해당 공지가 이 독일인 스토커와 직접적인 관련이 있는지는 명확하지 않지만, 적어도 회사가 여전히 이러한 문제에 최고 수준으로 대응하고 있음을 보여준다. 따라서 팬들 역시 더 이상 이 문제를 키우지 말고, 스토커에게 직접적인 관심 을 주지 않는 것이 중요하다. 과거 사례를 보더라도 이 스토커는 관심을 받을수록 더욱 신나서 떠들며, 더 자극적인 워딩을 만들어 내고, 자신이 피해자 인 것처럼 연기하면서 이 스토커에게 감정적으로 몰입한 일부 정신 나간 지지자들의 응원을 받으며 나연 을 괴롭혔다. 물론, 이 관심종자 에게 더 많은 관심이 쏠리는 것은 대다수 해외 케이팝 팬들 때문이고, 이 스토커를 더욱 부추기는 행동임에도 그들은 이를 단순한 가십거리로 소비할 것이다. 그래서 최소한 나연 의 팬들만이라도 이 스토커에게 더 이상 관심을 주지 않고, 회사의 대응을 믿고 지켜보는 것이 최선의 방법일 것이다."
JYP,트와이스,나연,2023-09-19,"2023년 9월 19일 나연 어머니의 전 연인 A씨가 제기한 대여금 소송에서 나연 측이 승소했다는 기사 가 났다. 2022년 1월 A씨는 ""과거 나연 어머니가 연습생이었던 나연이 가수로 데뷔하면 돈을 갚기로 약속했는데 이를 어겼다”며 나연과 나연의 모친을 상대로 대여금반환청구 소송을 제기했다. A씨의 지인 2명은 법정에 증인으로 출석해 A씨에게 유리한 진술을 했다. 이들은 ""평소 A씨가 '나연이 데뷔하면 그동안 지원한 돈을 나연 측이 갚기로 약속했다'는 말을 했다""고 밝혔다. 판결문에 따르면 A씨는 2004년 8월부터 2016년 6월까지 12년간 5억 3590만 8275원을 나연 측에 송금했다. 나연과 나연의 어머니는 2009년 3월부터 나연이 2015년 10월에 데뷔하기 전 같은해 2월까지 6년간 A씨 명의로 된 신용카드로 1억 1561만 2093원을 월세, 대출금, 학비, 통신비 등에 결제한 것으로 나타났다. 재판부는 A씨가 나연 측에 12년간 5억 원이 넘는 돈을 송금한 사실 등은 인정했지만, ""이를 대여금이라고 인정할 증거가 없다”며 ""금전 거래의 횟수, 기간, 금액, 경위 등에 비춰봤을 때 A씨와 나연 측이 이를 반환한다는 의사의 합치가 있었던 것으로 보기 어렵다""고 판시했다. 소속사 JYP엔터테인먼트 측은 다수의 매체에 “이미 판결이 확정되어 종결된 건으로 아티스트의 연예 활동과는 무관해 따로 드릴 말씀은 없다""며 ""이후 추측성 글 등으로 아티스트의 명예를 훼손하거나 모욕을 하는 사안에 대해서는 단호히 법적 대응하겠다.""고 밝혔다."
JYP,트와이스,지효,2018-11-10,"2018년 11월 10일, TWICE 의 공식 인스타그램을 통해 지효 의 어머니가 지효의 카카오톡 아이디를 해킹한 사칭범과 메세지를 주고받는 사진이 공개되었다. 지효는 해당 게시물에서 ""최근 제 아이디가 해킹되어 업무적인 메일도 열람하지 못하는 상태에서, 아침에 가족에게 연락을 받았습니다. 연예인이란 이유로 해킹에 사칭까지 하는 겁니까? 두 번은 참지 않습니다. 적당히 하세요"" 라는 강경한 멘트를 적시했다. # JYP는 공식 입장을 발표하며 소속사 아티스트 관련으로 어떠한 사칭이나 해킹 행위에 대해 법적으로 조치를 취하겠다며 경고한 상태다."
JYP,트와이스,지효,2020-01-05,"2020년 1월 5일, 지효가 골든디스크어워즈|골든디스크 시상식]] 음반 부문 레드카펫에 오르기 전 V LIVE 실시간 채팅으로 팬들과 소통하던 중 일본 나고야 돔에서 지난 달 2일 열린 2019 MAMA AWARDS 무대에 등장하지 않았던 것에 대해 얘기하던 도중 사용했던 용어로 논란이 발생했다. 자꾸 관종 같으신 분들이 웅앵웅 하시길래 말씀드리는데 그냥 몸이 아팠어요. ㅋㅋㅋㅋㅋ 죄송하네. 저격거리 하나 있어서 재밌으셨을 텐데. ㅠㅠ 제가 몸이 아픈 걸 어떻게 할 수는 없더라궁 지효의 V LIVE TWICE 채널 플러스 채팅 中 여기서 "" 웅앵웅 "" 때문에 논란이 발생했는데 이 단어가 래디컬 페미니즘 성향 커뮤니티에서 남혐 단어로 사용되기 때문이다. V LIVE 에서 지원하는 채팅은 크게 무료회원이 접근 가능한 일반 채널과 일정 금액을 지불해야만 접근할 수 있는 채널플러스(이하 채플)가 있는데, 대개 학생원스 등 결제하지 않은 원스들을 배려하여 모든 원스가 접근 가능한 무료채팅을 했었다. 그러나, 팬이 아닌 악플러들이 분탕을 치는 등의 모종의 사유로 지효가 다음날 돈을 지불해야 하는 채플로 채팅을 시작했으나, 기대와 달리 돈 쓰면서도 악플다는 사람들이 상당히 많았다. 그래서 지효가 참다참다 악플러들과 어그로들을 대상으로 일침을 날렸는데, 기자와 각종 어그로들이 팬을 대상으로 말한 것처럼 특정부분만 캡쳐해 논란을 조장하고 있다. 실제로 해당 내용을 제외하면 팬들에게 매우 친절하게 채팅을 쳤으며 그 내용 중에는 미나 와 영상통화한 썰, 영양제 추천썰, 배스킨라빈스 에서 좋아하는 맛 등 전형적으로 사적인 대화를 나눴다. 심지어 채팅 시작 초반에는 ""우리 9명 다 원스앞에서 진심이 아닌 적이 없었고 소중하지 않았던 적이 없다구 말하고 싶었어요 ㅎㅎ"" 라는 채팅까지 남겼었다."
JYP,트와이스,지효,2020-01-07,"2020년 1월 7일 새벽, 지효 가 직접 이 사건에 대해 언급하며 원스 지효에요 라는 제목으로 Fan's 에 글을 올렸다. 아래는 위 글의 전문. [ 전문 펼치기 · 접기 ] 원스 지효에요 어제 브이앱 채팅으로 어쩌면 원스 분들도 상처받고 실망하게 되었을지 모른다고 생각하니 미안해요. 차근차근 처음부터 이야기 해볼게요 작년 3월 폴 말도 안되는 루머로 제 이름이 오르게 되었고 그때부터 사람들을 마주하는 것에 대한 두려움이 커졌던것 같아요. 공항에서 눈물을 보였던 이유도 사람들이 저를 찍고 저를 보고 소리치고 이런 것들에 큰 두려움과 공포, 저 분들이 저를 어떻게 생각하고 어떤 시선으로 바라볼지 너무 무서웠어요. 그리고 나서 8월에 저의 사생활이 알려지고, 그 후에는 사실이 아닌 얘기들도 나오고 그 일로 제 불안감이나 우울감 두려움 등 온갖 부정적인 감정들은 너무나 커져버리고 사람들 앞에 서고 말 한마디, 무대 한번 하는게 많이 두렵고 힘들었던 것 같아요. 투어중에도 두려운 감정이 너무 커서 병원도 찾아갔었고 상담도 하고 약도 복용했지만 저에게 큰 도움이 되지는 못했어요. 그렇게 시간이 지나면서 일본 투어가 시작이 되었고 마마 직전에 있었던 일본공연에서부터 사람 많은 곳에 서 있는게 너무너무 힘이 들었어요. 3일 공연 내내 공포감에 울었고 정말 숨고 싶었어요 그 상태로 마마를 하게되었고 공연 때 보다 훨씬 더 많은사람들을 마주해야했고, 말해야했고, 무대해야했어서 그게 저한테는 숨쉬는 것까지 힘이 들게 했었던 것 같아요. 그래서 한국 입국할 때 또 우는 모습 보일까봐 또 힘든 모습 보이게될까봐 걱정하게 하고싶지않아서 멤버들과 다른 시간에 입국했었어요. 지금 이야기한 이 시간들 속에서, 아니 데뷔하고 활동했던 지난 시간 동안 저에 대해 안좋은말들 조롱하는말들 욕하는 말들 너무 수도 없이봤고 너무 상처 받았고 너무 화가 났지만 제가 한 일들이 있고 제 직업이 있고 제 팬들이 있고 그랬으니 가만히 그저 가만히 있었어요. 마마 때까지의 이야기를 하자면 이래요. 저를 동정해달라 하소연하는 것도아니고 알아달라는 것도 아니고, 제가 어제 왜 누군가에게 부정적인 표현까지 하게 되었는지 말하고 싶었어요. 제가 어떤 일을 겪어도 저는 원스 앞에서 진심이 아니게 다가간 적이 없고 원스가 소중하지 않은 적이 없고, 또 원스를 걱정하지 않은 적이 없었고 어제도 저는 너무나 진심이었습니다. 가장 미안한건 지금 우리 팀이 또 원스들이 많이 혼란스러운 시기란거 정말 잘 알고있어요 그래서 어제 감정적으로 이야기를 한 것에 대해 너무 미안해요. 원스한테도 팀한테도. 그 일로 멤버들까지 해명하듯 글을 올렸고 그 글들을 보면서도 또 원스들이 하는 이야기들을 보면서도 제가 한 것들은 제가 정리하고 설명하는게 맞다는 생각이 들어서 이렇게 글을 쓰게됐습니다. 제가 원스 앞에서 노래를 하고 무대를 하고 이야기를 하고 이 모든 것들은 저와 원스가 행복했으면 해서, 그러기를 정말로 진심으로 바라기 때문에 이 일을 합니다. 제가 이일을 하는 이유는 저를 사랑해주고 따뜻하게 안아 주는 원스들이 있기 때문이에요. 저는 여러 가지 일 참아낼 수 있으니까 원스가 마음 상하게 그런거 보지 않았으면 좋겠어요. 앞으로도 어떤 방향으로던지 연예인이고 아이돌인 이상 이슈는 생길거고 말은 나오겠지만 제가 잘 할거고, 우리끼리 충분히 행복하고 즐겁고 웃고 밝게 빛날 소중한 시간들을 다른곳에 쓰게 하고싶지 않아요. 괜히 마음쓰게 해서 미안하고 고마워요 원스. 2020/01/07 오전 2:08:55 지효는 이 사건을 포함한 이 문서 내용에 있는 모든 사건을 포함해 그에 대한 심경을 토로했다. 젠더 갈등 으로 인해 생겨난 수많은 남혐, 여혐 단어들을 젠더 갈등에 전혀 관련되지 않은 일반인까지 주의해서 사용해야 하는 것에 대해 회의적인 입장도 있기 때문에 단어 사용에 대한 직접적인 사과는 없었으나, 팬들과의 대화에서 생긴 논란을 팬들을 향한 사과로 마무리 했다."
JYP,트와이스,채영,2023-03-21,"2023년 3월 21일, 자신의 인스타그램에 나치 하켄크로이츠 문양의 티셔츠 를 입은 게시물을 업로드해 해외에서 큰 논란이 되었다. # 논란이 일자 JYP 엔터테인먼트 측은 책임 통감 및 재발 방지를 약속했고 채영은 인스타그램에 영문이 포함된 사과문을 올렸다. 또한 이로부터 사흘 전인 3월 18일, 팬사인회에서 착용한 의상에 우파 집단인 Q어넌 을 상징하는 로고가 들어간 것이 조명되며 옷을 셀렉한 코디에 대한 비판이 높아지고 있다."
JYP,트와이스,채영,2024-04-03,"2024년 4월 3일, 자신의 인스타그램에 전소미 와 함께 찍은 사진이 문제가 되었다. 해당 사진은 만우절을 기념하여 포토부스에서 촬영된것으로 채영과 전소미는 각각 우스꽝스러운 가발을 쓴 채 여러 포즈를 취했는데, 이 중 한 개가 두 사람 모두 익살스러운 표정으로 상의를 훌렁 걷어 올리는 모습이었다. 전소미는 아예 속옷이 노출된 상태였다. 포토부스는 무인으로 운영되는 경우가 대다수이며 완벽하게 프라이버시가 보장된 공간이 아님에도 최근 이곳에서 노출 사진을 찍는 일이 늘어나 논란을 빚기도 했다."
JYP,스트레이 키즈,방찬,2023-05-14,"2023년 5월 14일, 방찬 은 Stray Kids 공식 유튜브 채널을 통해 글로벌 팬들과 소통하는 라이브 방송을 진행하였다. 지난 7일 방송된 ‘2023 뮤직뱅크 인 파리 ’ 녹화가 어땠냐는 한 외국인 팬의 질문에 “세대가 달라서 내 이야기가 젊은 꼰대 처럼 들릴지 모르겠지만, 인사하는 게 기본 매너가 아닌 수준이 된 것 같다”고 운을 뗐다. 이어 “난 누군가 욕하려는 게 아니다. 단지 누군가 지나가면 인사를 하지만, 그들이 (인사를) 받지 않으면 당황스럽지 않겠나. 지금 세대는 그래도 되는 것이냐.”라고 덧붙였다. 그러자 채팅창은 팬들의 추측들로 가득찼고 타 그룹을 거론하며 누군지 묻기 시작했다. 이를 본 방찬 은 웃으며 “이름은 말하지 않을 것”이라고 했다. 방찬 의 발언이 도마 위로 오르자 누리꾼들은 인사를 받아주지 않은 가수가 누구인지 추측하기에 나섰다. 방찬 의 발언 중 “지금 세대는 그래도 되는 것이냐.”라는 말을 미루어 봤을 때, Stray Kids 보다 후배 가수인 것을 짐작할 수 있다. ‘2023 뮤직뱅크 인 파리 ’에는 Stray Kids 를 포함해 총 9팀이 출연했다. Stray Kids 보다 선배인 마마무 , 더보이즈 를 제외하면 모두 후배이므로 AB6IX , CRAVITY , P1Harmony , ENHYPEN , IVE , NMIXX 가 후보 선상에 오르게 된다. 이에 대해 갑론을박이 벌어지고 있다. 기본적인 상호 간 예의에 대한 소신을 밝힌 것이라는 의견과 섣부른 추측 및 비난을 야기시킨 어리석은 발언이었다는 지적이 대립하고 있다. 본인이 우려한 젊은 꼰대 처럼 보이는 발언이라는 시선도 존재한다. 당시 발언이 담긴 영상은 TikTok 등 영상 플랫폼에 올라와 빠르게 확산되었으며, 해외 누리꾼들은 추측 댓글을 남기며 분노했다. 이들 중 방찬이 저격한 대상으로 한 여자 아이돌을 해외 누리꾼들은 근거 없이 특정했다. 방찬은 해당 아이돌을 특정하지 않았지만, 해외팬들이 본인들만의 논리로 소거법으로 아이돌을 특정했고, 이 아이돌을 향한 해외 네티즌들의 마녀사냥 및 인스타그램 댓글테러가 벌어지는 중이다. 누굴 특정해 말한 것이 아니고, 인사라는 기본적인 예의에 대해 소신발언한 것을 기자들이 기사를 ‘저격’이라며 자극적이게 글을 썼다며 네티즌들이 분노를 표출했다. 하지만 ‘ 방찬 이 경솔했던 것은 맞다’고 덧붙였다."
JYP,스트레이 키즈,방찬,2023-05-17,"2023년 5월 17일 , 방찬이 Stray Kids의 공식 인스타그램에 사과문 을 올렸다. 방찬 사과문 전문 # [ 펼치기 · 접기 ] 안녕하세요 스트레이 키즈 방찬입니다. 제가 얼마 전에 라이브 방송에서 했던 말 때문에 많은 분들께 불편함을 드렸습니다. 죄송합니다. 제가 하는 말과 행동이 어떤 영향을 미치는지 다시 한번 생각해 보았고 많이 반성했습니다. 특정 아티스트를 지목하려 했던 것이 아니며, 현재 함께 언급되고 있는 아티스트 분과도 전혀 관계없는 내용임을 말씀드리고 싶습니다. 저의 경솔한 발언으로 피해를 입으신 아티스트분께도 죄송한 마음입니다. 진심으로 사과드립니다. 앞으로는 이런 일이 없도록 항상 주의하겠습니다. 다시 한번 진심으로 사과드립니다. Hello, this is Bang Chan from Stray Kids. I apologize for the offense caused by the comments I made during a recent live broadcast. I thought about the impact my words and behavior can have on others, and have deeply reflected on myself. I would like to mention that it was not my intention to specify a certain artist, and that my comments had nothing to do with the artist being mentioned currently. I would like to express my deepest apologies to the artist who has been hurt by my careless words. I sincerely apologize. I will be more cautious of what I say in order to ensure this does not happen again. Once again, I sincerely apologize. 이후 결국 해당 방송회차를 마지막으로 찬이의 ""방"" 은 종영하게 되는데, 이게 팬들 사이에서 큰 논란이 되었다."
JYP,스트레이 키즈,현진,2021-02-22,"2021년 2월 22일 오후 네이트판에는 현진의 동창이라고 주장하는 네티즌이 등장해 그에게 학교폭력을 당했다고 주장하는 폭로글 을 올렸다. 게시자 측은 성내중학교에서 재학 중에 중학교 2학년 때 현진이 언어 폭력을 행사했다고 한다. 22일 오후 8시 29분, 현진의 소속사 JYP엔터테인먼트 측은 헤럴드POP을 통해 ""확인 중""이라는 입장 을 전했다. 이후로 폭로글, 반박옹호글 등이 올라왔다. 23일 오전 2시 19분, JYP엔터테인먼트 측이 V LIVE와 팬즈를 통해 1차 공식 입장문 을 발표하였다. JYP엔터테인먼트 1차 입장문 전문 [ 펼치기 · 접기 ] 안녕하세요, JYPE 입니다. 현재 각종 온라인 커뮤니티에 퍼지고 있는 현진 관련 이슈에 대한 당사의 입장을 말씀드립니다. 우선 당사는 본 이슈에 대해 사실 확인을 위한 최선의 노력을 기울이고 있습니다. 문제가 제기된 시점 해당 멤버가 재학했던 학교 및 주변 지인들의 의견을 청취 중이며, 게시자가 허락한다면 게시자의 의견을 직접 청취하는 것도 고려 중에 있습니다. 다만 현재 무분별하게 확산되고 있는 내용 중 사실과 다른 부분들이 다수 있는 것으로 확인하였으며, 의도적으로 악성루머를 생성 및 게시하는 유포자들도 확인하였습니다. 이에 다양한 루트를 통한 상세 조사를 진행하여 왜곡되지 않은 정확한 사실관계를 규명하고자 하며, 허위사실 유포에 대해서는 법적 조치할 예정입니다. 당사는 명확한 사실 규명을 통한 아티스트 보호에 최선을 다하겠으며, 사실과 다른 루머 유포에 대해 원칙대로 강경 대응하겠습니다. 감사합니다. 2월 24일, JYP에서 ""JYP 변호사가 학폭피해자에게 보낸 문자""라는 제목으로 퍼지고 있는 허위 사실에 대해서 법적 조치를 한다고 밝히며 이데일리를 통해 입장을 밝혔다. 기사 허위사실 관련 JYP엔터테인먼트 입장문 전문 [ 펼치기 · 접기 ] 현재 인터넷에서 ‘JYP 변호사가 학폭피해자에게 보낸 문자’라는 제목으로 명백한 허위사실이 유포되고 있습니다. 글에 언급된 변호사에 대해 전혀 알지 못하며 해당 변호사에게 관련 업무를 의뢰한 적도 없습니다. 변호사협회 데이터베이스로부터 해당 이름도 찾을 수 없어 사칭에 대한 강한 의구심마저 드는 상황입니다. 그럼에도 불구하고 글쓴이가 이를 ‘JYP 변호사가 학폭피해자에게 보낸 문자’라는 제목으로 명백한 허위사실을 유포하고 있기에 당사는 이와 관련해 강력한 법적 대응을 할 예정임을 말씀드립니다. 2월 24일 스케줄에 불참했다. JYP 측은 ""명확한 사실 파악을 위해 노력중이나 이와는 별개로 현 시점에서 스케줄 진행이 여의치 않다 판단해 진행을 유보했다. 추후 스케줄 진행 여부는 상황에 따라 결정할 것""이라고 밝혔다. 기사 그러나 이미 사전에 녹화한 2월 23일 킹덤: 레전더리 워 와 자체 컨텐츠에는 모습이 비춰졌다. 2월 25일, 고정 MC를 맡고있던 쇼! 음악중심 의 2월 27일자 생방송에 불참하기로 결정되었다는 기사가 올라왔다. 소속사인 JYP의 요청이며, 전날 스케줄 불참과 같은 사유로 요청한 것으로 보인다. 공석에는 스페셜 MC로 ITZY 예지 가 투입됐다. 기사1 2월 26일, JYP엔터테인먼트 측에서 V LIVE와 팬즈에 2차 공식 입장문 을 발표함과 동시에 스트레이키즈 공식 인스타그램에 현진의 자필 사과문 이 게시되었다. 기사 입장문을 요약하자면 다양한 사람들로부터 청취한 내용과 취합한 정보를 종합한 결과 당시 상황에 대한 기억이 첨예하게 달라 게시글에 나와 있는 모든 내용의 사실 관계를 명백하게 입증하는 데에는 어려움이 있었지만 현진은 중학교 시절 미성숙한 언행으로 게시자가 상처를 입은 부분에 대해 깊게 후회하고 직접 만나서 진심으로 사과했으며, 게시자 또한 현진과의 오해를 풀고 사과를 받아줬으며 앞날을 응원해줬다고 한다. JYP엔터테인먼트 2차 입장문 전문 [ 펼치기 · 접기 ] 안녕하세요, JYPE 입니다. 먼저 소속 아티스트 Stray Kids 현진과 관련하여 좋지 않은 소식으로 많은 분들을 불편하게 해드려 죄송합니다. 조심스러운 사안인 만큼 명백한 사실 관계를 토대로 입장을 발표하기 위해 다양한 루트를 통해 조사를 진행하는 과정에서 시간이 다소 소요되어 입장 발표가 늦어진 점 너그러운 양해 부탁드립니다. 당사는 문제가 제기된 시점 해당 멤버가 재학했던 학교의 동급생, 선생님, 주변인을 대상으로 당시 상황을 청취하였고, 게시글을 작성한 게시자분들의 허락 하에 직접 만나 의견을 청취하였습니다. 다양한 분들로부터 청취한 내용과 취합한 정보를 종합해 본 결과, 당시 상황에 대한 기억이 첨예하게 달라 게시글에 나와 있는 모든 내용의 사실 관계를 명백하게 입증하는 데에는 어려움이 있었습니다. 그러나 과거 현진의 미성숙하고 부적절한 언행으로 상처 입고 피해를 받으신 분들이 계시고 현진 역시 해당 부분에 대해서 깊게 후회하고 반성했기에 게시자분들을 직접 만나 진정으로 사과했습니다. 현진과의 오해를 풀고 진심 어린 사과를 받아주시고, 앞날을 응원해 주셔서 다시 한번 감사의 말씀을 전합니다. 혹여 연락이 닿지 못했지만 현진의 과거 언행으로 인해 상처를 받으신 적이 있으셨던 분들께도 이 자리를 빌려 사과의 말씀 전해드립니다. 앞으로 현진은 늘 반성하는 마음을 가지고 바르게 살아갈 것을 다짐했고, 당사에서도 아티스트가 바른 길을 갈 수 있도록 더욱 신경 쓸 예정입니다. 마지막으로 사실과 다른 루머 유포 및 추측성 보도는 자제해 주시길 부탁드리며, 당사는 지금까지 연습생, 아티스트 선발 과정에 있어 생각하지 못했던 부분까지 더욱 세심한 노력을 다하도록 하겠습니다. 감사합니다. 현진 자필사과문 전문 [ 펼치기 · 접기 ] 안녕하세요. 스트레이키즈 현진입니다. 먼저 학창시절, 저의 잘못된 언행으로 인해 상처를 받으신 분들께 진심으로 사과 드립니다. 지금보다 더 부족했던 시절, 제가 했던 행동을 돌아보니 부끄럽고 변명의 여지가 없습니다. 남을 배려하는 방법을 몰랐던 저의 말과 행동들이 다른 사람들에게 상처를 주었다는 것을 깨달았습니다. 너무 늦었지만 깊이 반성하겠습니다. 의도했든 의도하지 않았든 상관없이 누군가에게 씻을 수 없는 상처를 드렸던 것은 절대로 용서 받을 수 없다고 생각합니다. 제가 사과를 하고 사과를 받아주었다고 해서 과거의 제가 남긴 상처가 완전히 사라지지 않는다는 것을 잘 알기에 깊이 반성하고 있습니다. 뒤늦게나마 저로 인해 상처를 받은 분들에게 직접 만나 사과를 하고 또 이 글을 통해서 용서를 구하는 말을 전할 수 있게 해줘서 염치없지만 고맙다고 말하고 싶습니다. 직접 만나진 못했지만 혹여 학창시절 저의 부적절한 언행으로 인해 상처 받으신 다른 분들께도 이렇게 글로나마 죄송하다는 말씀을 드립니다. 저를 응원해 주셨던 많은 분들께 깊은 실망을 안겨드려 정말 죄송합니다. 2월 26일 18시 현진이 졸업한 학교의 교사가 OSEN에 보낸 글이 기사 로 올라왔다. 요약하자면 당시 학급의 분위기가 거칠었던 부분을 인정하며 과거 현진도 잘못한 부분이 있을 수 있지만 연예인이라는 이유로 과거 행동들이 너무 부풀려져 있어 안타깝다는 내용. 2월 26일 해당 교사의 글에 한 누리꾼의 반박글이 게재되고 22시 이후 기사 로 올라왔다. 본인은 피해자인데 현재까지도 매우 괴롭고 당시 선생님들이나 위의 옹호글에 실망했다는 내용. 반박글이 나오기 전에도 교사의 글에 대해서는 피해자들도 본인 학생인데 편파적인 옹호라며 부정적인 여론이 있었다. 2월 27일 현진의 소속사 JYP 엔터테인먼트는 현진이 활동을 중단하고 자숙하며 반성의 시간을 가질 것이라고 밝혔다. 기사 공지글 JYP엔터테인먼트 활동 중단 입장문 전문 [ 펼치기 · 접기 ] 안녕하세요 JYP입니다. 당사 소속 Stray Kids 현진의 활동과 관련해 말씀드리고자 합니다. 당사는 현재 현진이 이미 참여하기로 약속이 되어있던 일정과 관계된 모든 분들께 연락을 취해 해당 기관에 최대한 피해가 가지 않는 선에서 활동을 취소할 방법을 찾아 조율해왔습니다. 이 과정에서 다소 시간이 소요되어 현진의 추후 행보에 대한 입장 발표가 늦어졌습니다. 현진은 연예인으로서 일체의 활동을 중단 후 자숙할 예정입니다. 본인의 중학교 시절 거칠고 부적절했던 말로 여러 사람에게 상처를 입혔던 것에 대해서 진심으로 뉘우치고 스스로를 되돌아보며, 상처받았던 분들에게 진심으로 사과드리고 그분들의 상처 회복을 위해 최선의 노력을 다하도록 하겠습니다. 큰 심려를 끼쳐 드린 점 진심으로 사과드립니다. 6월 26일, 디지털 싱글 Mixtape : 애 에 참여하며 약 4개월 만에 모습이 비춰졌다. 자숙 기간 동안 데뷔 초부터 지속해오던 기부 및 봉사 활동에 전념하며 시간을 보냈다고 한다. 공개되는 음원과 뮤비에는 참여하였지만 공식 스케줄은 7월부터 재개한다."
JYP,스트레이 키즈,필릭스,2024-08-15,"2024년 8월 15일 새벽 1시경 버블에서 하고 싶은 틱톡 챌린지가 있다는 얘기를 꺼냈다. 그 얘기를 들은 팬들이 시카노코 챌린지 를 해달라는 얘기를 꺼내자 시카노코 챌린지의 노래를 따라부르는 음성을 보냈다. 이 음성을 어떤 한 팬이 X 에 올렸고 다른 유저가 이 트윗을 캡처하여 필릭스가 광복절에 일본 애니메이션 챌린지를 하자고 했다며 게시물을 올렸다. 이게 퍼져서 여러 커뮤니티에서 비난을 받았다. 그 이후, 오후 4시 56분 FANS 에 사과문이 올라왔다. [ 펼치기 · 접기 ] 안녕하세요, 필릭스입니다. 우선 저의 부주의한 모습에 실망하셨을 팬분들을 포함한 모든 분들께 죄송하다는 말씀을 드립니다. 저는 8월 15일 새벽에 개인 소통 커뮤니티를 통해 팬분들과 숏폼 챌린지를 이야기하던 중 일본 곡을 언급했습니다. 뜻깊은 광복절에 신중하지 못하고 부주의한 모습을 보인 것에 대해 진심으로 사과드립니다. 저의 부족한 역사의식을 깊이 반성하고 있습니다. 평소 부족했던 부분에 있어 더 공부하고, 생각하며 행동하여 이런 일을 반복하지 않도록 주의하고 조심하겠습니다. 다시 한번 죄송합니다."
JYP,있지,리아,2021-02-24,"2021년 2월 24일 오후 2시 30분 경, 네이트판(욕설을 포함한 글로써 현재는 삭제) , 욕설을 삭제한 새 글(삭제됨) 에 리아에게 학교폭력을 당했다는 글이 올라왔다. 에펨코리아 캡쳐 글 해당 글에서 글쓴이가 주장한 내용은 리아가 작성자의 친구 A에게 돈을 빌리고서는 갚지 않고, 또다른 친구 B를 왕따시켜 리아에게 그 이유를 물었더니 오히려 리아와 친구들이 작성자에게 욕을 하고 인터넷상에서 사이버불링을 했다는 것이다. 그러나 증거로 올린 카카오스토리 사진에 리아가 직접 작성한 글은 단 하나도 없었기 때문에 신빙성이 떨어진다는 지적을 받았다. 추가로 글쓴이가 친구와의 DM 내용을 올렸지만 그 내용이 오히려 모순점이 되어 글쓴이에 대한 여론은 점점 나빠졌다. 첫 글 글쓴이는 증거로 올린 사진들 때문에 본인에 대한 여론이 나빠지자 증거를 모두 삭제하고 진실을 밝히겠다는 글만 남긴 채로 폭로글을 수정했다. 폭로글의 의문점 근데 나 해결된거 아님. 최지수 부모님이 자료 다 뽑아와가지고 이거로 학폭 열면 어떻게 되는지 아냐고 협박식으로 우리한테 한거임 개네 엄마가. 그 카스랑 카톡자료 걔네 엄마가 프린트해와서 카페에서 그거가지고 뭐라 했었음. 자기네 자료 다 가지고 있다고 학폭 열 수도 있는데 자기네도 좋을거 없으니까 그냥 이쯤에서 끝내자고 그랬음. 난 그냥 엄마 끌려간거라 애초에 얘네 만나는 줄도 몰랐음 그래서 아무것도 준비 못하고 그냥 바보같이 저 말만 듣고 끝난거임. ㅋㅋ 글쓴이가 추가로 공개한 친구와의 DM 내용 리아와 A 사이에는 말다툼이 있었고, 그 말다툼으로 인해 카카오스토리 에서 B와 리아 친구들이 싸운 내용을 보고 리아의 부모님이 학교폭력 위원회를 열겠다고 한 것. 애초에 글쓴이는 잘못한 부분 없이 결백하다고 한다면 가해자 측에 해당하는 리아의 부모님이 학폭위를 열겠다고 할 이유가 없다. 그리고 피해자라고 주장하는 A와 B 모두 이 사실을 입증할 만한 아무런 인증도 하지 않은 상황이다. 2월 25일 오전 10시경, 소속사는 해당 글쓴이를 지난해 이미 명예훼손 혐의로 고소해 조사가 진행 중인 상태이며 해당 폭로 역시 허위사실이라는 입장을 표명했고, 본 사안에 대한 고소를 추가로 진행하겠다고 밝혔다. 기사 이후 2월 25일 오후 2시 53분, 최초 폭로자의 요약본(삭제됨) 이 올라왔으나, 전 게시글과 다를 바 없는 내용을 말 그대로 요약만 했다는 비판이 많으며, 아무런 추가 증거를 제시하지 못했다. 또한 전 게시글에서 여론을 자신에게 불리하게 만든 증거인 카카오스토리 캡쳐본 등은 모두 제외하고 작성하였다. 폭로에 대한 반박글 2월 25일 오후 4시 30분 경 동창의 반박글이 올라왔다. 동창 반박글(삭제됨) 2월 26일 오전 반박글이 또 올라왔다. 동창 반박글(삭제됨) 2월 26일 오전 같은 아파트 산다는 동창의 반박글이 올라왔다. 동창 반박글 2월 26일 밤 10시 30분 경 제주도 국제학교 후배가 반박 댓글을 남겼다. 후배 반박글 이후 반박글들이 올라오고 모든 폭로글은 삭제되었다. 사실 원글부터 모순점이 가득하고 내용도 부실했으며 글쓴이가 글을 스스로 삭제했기에 허위 폭로로 여겨졌고 사건은 일단락되는듯 했다."
JYP,있지,리아,2021-06-13,"2021년 6월 13일, 경찰 측에서는 폭로자와 리아 측 모두를 불러 조사한 결과, 폭로자를 허위 사실 적시에 의한 명예훼손 혐의에 대해 지난 주 혐의없음 으로 불송치 결정했음을 밝혔다. A씨가 인터넷 커뮤니티에 올린 글은 자신이 겪은 일을 표현한 것일 뿐, 리아를 비방하기 위해 쓴 것으로 보기는 어렵다는 것이다. 또 A씨가 허위로 꾸며 글을 썼다고 볼 증거도 충분하지 않다고 판단하여 무혐의로 처리했다. 기사1 기사2 다만 이에 대해서 경찰은 A씨가 명예훼손 을 했느냐에 대해 수사를 진행한 것이지 리아의 학폭 여부를 수사한 것이 아니고, 이번 수사로 인해 리아가 학폭 가해자라고 밝혀진 바 없다고 언급했다 . 기사 소속사는 ""보도를 통해 결과를 접했고 관련해 경과를 파악 중이다. 하지만 결과를 그대로 받아들이기 어렵다. 경과가 좀 더 명확하게 파악되면 어떻게 대응할지 결정하겠다""고 말했다. 기사 15일 경찰의 추가 입장에 따르면 “A씨가 리아의 명예를 훼손했다고 볼 만한 증거가 없어 혐의 없음으로 불송치 결정한 것” 이라며 “본 사안은 A씨가 명예훼손을 했느냐에 초점을 맞추고 수사를 진행한 것이지, 리아의 학폭 여부까지 밝히는 건 이번 수사의 대상이 아니다”라고 밝혔다. 이에 더해 A씨가 ‘혐의 없음’ 처분을 받은 사실이 알려진 이후 리아가 학폭 가해자로 기정사실화되고 있는 점에 대해 경찰 측이 우려를 표했다. 기사 또한 소속사는 경찰에 이의신청을 하여 허위사실 적시에 의한 명예훼손죄로 재수사를 요청할 예정이라고 밝혔다. 기사 법조 관계자들은 양측의 불기소 처분 이후 이를 입증할 뾰족한 방법이 없다며 대부분의 학폭 사건은 경찰 단계에서 증거불충분으로 불기소 처분된다는 의견을 냈다. # 첫 폭로 글 이후 꽤 오랜 시간이 지났음에도 폭로자 측과 소속사 모두 별다른 소식이 없다. 가장 마지막으로 관련 기사가 나온 것은 2022년 1월이다. #"
