소속사,그룹,연예인 이름,사건 날짜,사건 내용 (날짜+내용 전체)
YG,빅뱅,승리,"2014년
9월 12일","2014년
9월 12일
승리가 자신의
포르쉐 911 터보 S
를 몰고 강변북로를 달리다
서빙고 신동아아파트
쪽에서 앞서 가던
벤츠 E클래스
를 들이박았다.
#
피해자인 벤츠 E클래스 차량에 탑승하고 있던 3명은 병원으로 이송되어 치료를 받았다. 가해자인 승리가 운전하던
포르쉐 911
차량은 가드레일을 들이받고 뒤집어졌고 9월 12일에 경미한 출혈이 발견되었으나, 부상이 경미하여 귀가했다.
의류 브랜드 출시 기념행사
에 참석하고 귀가하던 중 일어난 사고였다. 그런데 해당 사고의
블랙박스 영상
이 공개되어 위험운전을 했다는 사실이 알려지고 음주운전 의혹이 일었지만, 사고 현장에서 경찰이 음주 여부를 측정한 결과
음주운전은 아니었다.
그렇지만 음주운전은 아니라 해도, 맨정신으로 저런 위험한 운전을 한다는 것은 평소 운전 습관을 보여주는 것이라는 의견이 속출하고 있다.
9월 25일 병원에서
퇴원했다가 병원에 재입원
했다.
해당 기사
에는 교통사고를 '당했다'고 반복해서 표현하며 40도 고열에도 스케줄을 강행한 책임감을 강조하고 있는데 엄연히 승리는
교통사고를 일으켜 피해자에게 부상을 입히고 차량을 손상시킨 가해자
다. 피해자에 대한 제대로 된 사죄가 없고 사실을 교묘하게 왜곡한 YG의 언플용 기사와 일부 빅뱅 팬의 몰지각한 반응이 더더욱 사람들의 반감을 불러일으켰다.
경찰은 승리에게
피의자 신분으로 전환됨
을 알려왔다. 서울 용산경찰서는 승리가 최근 교통사고처리특례법 위반 혐의로 입건돼 경찰 조사를 받았으며, 이에 경찰은 불구속 기소 의견으로 사건을 검찰에 송치했다. 도로교통공단에 승리 차량의 과속 여부 감정을 의뢰한 결과, 속도를 위반한 것으로 확인됐다. 사고 당시 승리가 몰던 포르쉐는 강변북로 규정 속도인 시속 80km를 넘어 시속 100km에서 110km 사이로 주행했다.
YG, ‘승리 음주운전 의혹’ 기사 쓴 기자에 1억 건넸다?"
YG,빅뱅,승리,"2019년
2월 27일","2019년
2월 27일
미디어오늘
은 2014년 승리의 음주운전 의혹을 제기한 기자에게 YG 측에서 1억 원을 건네 보도를 무마했다는 의혹을 제기했다. 사건 당시 스포츠월드 김 기자는 목격자 진술을 인용하여 승리가 음주운전을 했다고 주장했고 이후 양측은 법정공방에 들어갔으나 YG측에서 소를 취하하며 종결됐다. 이후 김 기자가 YG측으로부터 1억을 현금으로 받아 전세금을 갚는 데 썼다는 복수의 증언이 나왔다.
‘승리 음주운전 의혹 보도’ 김용호 기자 “양현석은 만났지만 1억 안 받아”
보도 다음날
김용호
기자는 자신의 유튜브 채널을 통해 양현석 대표와 만난 것은 사실이나 돈을 받은 사실은 없다고 입장을 밝혔다. 그리고 김용호 기자는 단순히 기자들 사이의 뜬소문을 일방적으로 보도한 미디어오늘에 대해 법적절차에 착수했다고 밝히며
언론중재위원회
를 거치지 않고 민형사상 소송을 진행하겠다며 강경대응했다. 이 때문에 해당 진실을 둘러싸고 미디어오늘과 김용호 기자 간의 법적공방이 예고되었다."
YG,빅뱅,승리,"2019년
3월 13일","2019년
3월 13일
경찰 유착이 의심되는 승리 카톡이 나오자 이 사건도 다시 재조명되었고, 최종훈이 음주운전을 걸렸던 담당 경찰서가 용산경찰서였다는 점에서 경찰과의 유착이
다시 주목받고 있는 상황
이다."
YG,빅뱅,승리,"2019년
3월 18일","2019년
3월 18일
승리는
본인의 인스타그램
에 경찰 정복을 입고 찍은 사진을 삭제했다. 해당 사진이 개재된 시점은 2014년 교통사고와 비교적 가까운 날로, 5년이 지난 사진을 갑자기 삭제한 이유에 대해 의혹이 제기됐다. 승리 인스타그램의 1,660여개의 게시물 중 버닝썬 사건이 터진 후 승리가 삭제한 사진은
이 사진
이 유일하다.
2.2.
짠내투어 방통위 징계
[편집]
짠내투어 중국편에 출연한 승리가
구구단
의 멤버
세정
에게 호감이 가는 사람에게 술을 따를 것을 권유하는 장면이 논란이 되었다. 승리는 “지금 남자가 5명 있다. 그 사람의 위치, 인지도 그런 건 다 집어치우고 그 사람의 성향과 스타일만 봤을 때”라며 세정에게 술 따르기를 권유했다. 그러면서 승리는 “남자 다섯 분은 앞의 잔을 다 비워주시라”며 “(
맥주
를) 세정 씨가 갖고 있다가 남자 다섯 분이 눈을 감고 있으면 (따르라)”이라고 방법을 알려줬다.
위의 방송 화면 캡처에서도 볼 수 있듯이 방송에 적응 잘하기로 유명한 세정은 당황한 모습을 보여주었고 승리의 이러한 요구는 충분히 무례한 행위였다. 방송통신심의위원회의 또한 10월 10일 짠내투어에 대해 양성평등 규정 위반 정도가 중하다고 판단해 법정제재를 의결하고 전체회의에 상정하기로 했다고 밝혔다. 여행 프로그램에서 여성 출연자로 하여금 남성 출연자에 대한 호감 표현의 수단으로 술을 따르게 하는 내용을 방송한 짠내투어에 대해 법정제재를 의결하고 전체회의에 상정하며 tvN의 경우 양성평등 관련 심의규정을 반복 위반하고 있으며 이 같은 내용을 청소년시청보호시간대에 방송해 법정제재가 불가피하다고 밝혔다. 이어 방송사 자체심의에서도 해당 내용의
성희롱
으로 비칠 수 있음을 지적당했음에도 그대로 방송한 점, 사회 전 분야에서 양성평등 이념 실현을 위한 노력이 진행되고 있음에도 프로그램 제작진의 성 평등 감수성 부재로 시청자의 윤리적 감정과 정서를 해쳤다고 덧붙였다.
관련 기사 1
,
관련 기사 2
2.3.
버닝썬 게이트
[편집]
자세한 내용은
버닝썬 게이트
문서를 참고하십시오.
버닝썬 게이트
[ 펼치기 · 접기 ]
경찰-연예계-유흥업계 유착 의혹 사건
클럽 버닝썬 폭행 사건
강남경찰서 형사 의문사 사건
연예계
승리
YG엔터테인먼트
양현석
유흥업계
버닝썬
아레나
레이블
경찰
서울지방경찰청
서울강남경찰서
윤규근
정준영 등 불법촬영물 제작 및 유포 사건
정준영
승리
최종훈
용준형
이종현
로이킴
에디 킴
강인
정진운
이철우
유인석
유리홀딩스
승리
와 공동대표
김 모 씨
버닝썬 직속 직원
허 모 씨
YG엔터테인먼트
직원
박 모 씨
일반 사업가
권혁준
유리
의 친오빠
박유천 마약 투약 사건
박유천
황하나
※ 무죄나 무혐의, 사법기관에서 정식으로 처벌받지 않은 자는
취소선
처리
(단, 관련없는 다른 사건을 저지르더라도 버닝썬 관련 사건에만
혐의가 없을 경우, 이에 포함됩니다. (예: 이종현))
단순히 일개 연예인 사건으로 치부하기에는 너무 커져버린 사건
으로, 그야말로 승리를 완전히 몰락시킨 사건이다.
2018년 11월에 시작되어 2019년 초까지 계속된 이 사건 때문에 승리는 이 사태에 같이 휘말린
정준영
,
최종훈
,
박유천
등과 함께 연예계에서 퇴출되었으며, 인정된 혐의만 해도
성매매 알선, 성매매, 업무상횡령(변호사비 명목으로 유리홀딩스 자금 2,200만원 횡령), 특정경제범죄 가중처벌 등에 관한 법률 위반(버닝썬 자금 5억 2,800여만원 횡령), 특수폭행교사, 성폭력범죄의 처벌 등에 관한 특례법 위반(불법촬영물 유포), 식품위생법 위반(몽키뮤지엄을 일반음식점으로 신고하고 유흥주점으로 불법 운영), 외국환거래법 위반(환치기), 상습도박으로 무려 9개에 달한다.
과거 받은 혐의까지 합하면 특수강간, 성접대, 탈세, 마약 투약, 마약 유통에 뇌물도 있었다. 즉, 15개의 혐의를 받았다는 것.
앞서 언급된 사건 사고와는 차원이 다른 논란으로, 이 사건으로 인해 사실상 승리는 연예계에서 은퇴하게 되었다."
YG,빅뱅,승리,2021년 7월 1일,"2021년 7월 1일 승리는 징역 5년을 구형 받았고,"
YG,빅뱅,승리,2021년 8월 12일,2021년 8월 12일에는 1심 보통군사법원에서 징역 3년을 선고받고 법정 구속됐다.
YG,빅뱅,승리,2022년 1월 27일,2022년 1월 27일 2심 고등군사법원에서 징역 1년 6개월로 감형됐다.
YG,빅뱅,승리,2022년 5월 26일,"2022년 5월 26일 대법원에서 징역 1년 6개월을 선고한 원심이 확정되었다. 이 사건 이후 승리는
연예계를 은퇴했다.
2.4.
각종 열애설
[편집]"
YG,빅뱅,승리,2012년 9월 18일,"2012년 9월 18일, 배우 쿠보 안나가 승리에게 키스하는 장면이
포착
되었다. 쿠보 안나는 배우
성룡
의 아들인 방조명(팡쭈밍)의 전 여자친구라고 한다.
2015년 10월엔 승리가 미모의 글래머 여성과 손을 잡고 클럽을 방문했다고 중국에서
기사
가 떴다. 1일 YG 측은 승리의 열애설에 대해 “대만 현지에서 진행된 콘서트를 마친 뒤 초대한 지인들과 함께 뒷풀이를 한 것”이라고 해명했다. 사실 이 여성은 승리와 친한 지인 사이이자 빅뱅 담당인 중국통역사이자 선생님이다. 열애설이라고 찍힌 사진을 보더라도 손을 잡기보단 부축하며 안내하는 모션이라, 흔한 중국 언론의 짜집기식 찌라시에 걸려든 거라고 봐도 무방하다.
2017년 3월, 중국 팬과
열애설
기사가 떴다."
YG,빅뱅,승리,2018년 10월 19일,"2018년 10월 19일, 모델 출신의 신인 배우
유혜원
과
열애설
기사가 떴다.
3.
논란
[편집]
3.1.
성관계 관련 스캔들
[편집]"
YG,빅뱅,승리,2012년 9월 14일,"2012년 9월 14일 일본의 황색 잡지
프라이데이
에서 승리와 성관계를 가졌다는 여성의 인터뷰와 사진을 기사화했다. 또한 승리의
성벽에 대한 내용
[1]
도 담겼다. 이에 대해 YG는 아직 대응을 하지 않는 중이다. 사실 이걸 대응하는 것도 난감한 일이기는 하나, 개인적인 차원에서도 아무런 말도 없다는 것은 YG가 언제나 그러했듯이 무대응으로 나가는 것으로 방향을 잡았다는 것으로 보인다.
#
사생활 문제를 괜히 들춘다는
주장
도 있다. 다만 아이돌 스타라는 위치를 감안할 때 아무런 문제도 없다고 단정하기는 힘들다. 혼전 성행위보다는 기사에 적힌 성벽이 문제시될 만하다. 하지만 이러한 폭로 스캔들 기사들은 사진만 믿어야 한다는 말이 일본 현지의 공공연한 의견. 증거 사진이 합성이라는
주장
이 있지만 합성이 아니라는
반론
이 이어졌다.
9월 27일 4명의 멤버들만 무대에 오른 자리에서 빅뱅은 위의 일본 스캔들을 인정하고 팬들에게 사과를 했다. 지디는 ""승리는 잘 지내고 있다. 지금 일본에서 촬영 중이다.""라고 근황을 전했고 태양은
""허심탄회하게 얘기하겠다. 혼을 많이 냈다. (승리가) 반성하고 있다. 실수할 수 있는 것이고 사실 그런 실수를 저희는 같은 형제로서 용서해 주는 게 맞는 것이다. 저희가 안고 가야 할 문제이기도 하다. 승리를 혼냈고, 다시는 그러지 않도록 하겠다.""
라는 말로 무대응으로 일관한 당사자 승리와 소속사 YG와 달리 진심으로 인정하고 사죄하였다. 게다가 대성이 지금 자리에 없는 승리에게 사랑한다고 말하자고 하자, 태양은 ""사실 지금 사랑한다는 얘기는 못하겠다. 아직 반성의 시간이 더 필요하다""고 진지하게 책임지는 모습을 보였다.
#
그런데
노컷뉴스
에서는 태양을 비판하는 기사를 실어서 논란이 되었다. 지금은 기사가 삭제됐지만, 소속사에서 가만히 있는데 독단적으로 입장 표명을 했다는 식으로 태양을 비판했는데
애당초 소속사가 일을 제대로 했으면 태양이 어려운 일을 떠맡을 필요가 없었을 것이다
. 실제로 태양이 입장을 정리하고 분명하게 사죄를 밝히자
온갖 추측성 보도가 자취를 감췄다
. 후에 솔로 활동 때 SNL에 나와 이에 대해선 할 말이 있었는지 승리 자신이 직접 패러디를 하며 해명하기도 했다.
[2]
3.2.
부동산 사기 사건 논란
[편집]"
YG,빅뱅,승리,2016년 1월 5일,"2016년 1월 5일 기사가 올라온 기사에 의하면 승리가 12월 29일에 여가수 신씨
[3]
를 검찰에 고소했다고 한다. 그 이유인 즉슨 15년 6월에 여가수 신은성으로부터 자신이 추진하는 부동산 개발 사업에 투자하면 수십억원을 벌게 해주겠다는 제의를 받고 승리가 20억 원을 투자했고, 그 두 달 뒤 부동산 투자 법인의 출자금이 필요하다는 말에 5,000만 원을 추가로 건넸다고 한다. 하지만 자금을 건네고 1년이 넘도록 법인조차 만들어지지 않아, 신은성을 사기 혐의로 고소했는 내용. 서울동부지검은 승리가 수십억 원대 사기를 당했다는 고소가 접수돼 수사 중이라고 밝혔다.
관련 기사
,
YG 공식 입장
.
그러다가 며칠 후, 가수 신은성에게 연락이 닿아 고소를 취하하고 좋게 좋게 끝났다고 한다.
일각에서는 승리는 처음부터 사기를 당할 것을 알고 있었다는 주장도 있다. 승리의 아버지가 부동산 사업을 하시고, 승리 스스로도 재테크에 관심이 많다고 예전부터 쭉 말해왔기 때문. 따라서 손해볼 것을 알면서도 그냥 친한 누나를 돕고자 하는 마음으로 투자를 했으나 설마 이렇게까지 사기를 당할 줄은 몰랐던 것 같다는 의견이 빅뱅 팬들 내에서는 강한 듯하다.
하지만 1년 뒤
신은성 측이 승리 측을 상대로 부당이득반환소송을 제기했다
는 보도가 나왔다. 기사에 따르면 신은성 측 C사 관계자는 자신들이 연락두절이 된 게 아니라 ""오히려 2016년 1월부터 현재까지 건축시행 등을 위해 J사 측에 수차례 연락을 취하고 회사 앞에서 1인 시위를 해도 묵묵부답이었다""면서 ""이는 그동안 토지시세의 상승으로 인한 매매 차액 및 개발에 따른 가치상승 부분까지도 단독으로 차지하려는 의도로밖에 보이지 않는다""고 주장하는 상황인 듯.
하지만 후술하겠지만 정작 3년 후 그는 이보다 더 한 사태에 휘말리고 만다. 더군다나 3년 후 사태는
승리 본인이 핵심이자 가해자
고, 사태의 스케일도 더 크다.
3.3.
환각제 '해피벌룬' 흡입 논란
[편집]
'해피벌룬' 흡입 사진 파문..베트남 간 승리 ""조작"""
YG,빅뱅,승리,2017년 2월 19일,"2017년 2월 19일 사업을 위해
베트남
하노이
에 방문했는데
클럽
에서 환각을 일으키는 일명 ‘해피벌룬’(
아산화질소
)을 흡입하는 듯한 모습이 담긴 사진이 발견되어 논란을 일으켰다. 이에 대해 소속사
YG엔터테인먼트
는 승리에게 직접 확인한 결과 해당 사진은 교묘하게 찍힌 것으로 승리는 해피벌룬을 한 적이 없다고 했다""며, ""베트남 현지 보도는 명백한 오보이고 본인은 해당 사진에 대해 매우 억울해하고 있으며, 매우 개방적인 장소인 클럽에서 자신이 해피벌룬을 흡입했다는 것이 말이 되지 않는다고 항변하고 있다""고 밝혔다.
일단 경찰에서 실시한 마약 검사에서는
최초 음성 판정
이 나왔지만, 버닝썬 직원들이 마약 반응을 감추기 위해 수액을 맞거나 사우나에 갔었다는
제보
가 나오면서 아직 마약 흡입 사실이 없다고 단정할 수는 없다. 또한 아산화질소의 경우 하루면 배출이 되어 검출이 어려운 물질이다.
3.4.
해외 원정 도박 논란
[편집]
승리게이트 관련 기사 중 라스베이거스 원정 도박 의혹이 보도됐다. 승리는 단톡방에 ""라스베이거스에 가서 2억 원을 따왔다""며 돈다발 사진을 올리기도 하고 ""카지노에서 딴 돈은 '세이브뱅크'에 묻어두고 온다""고 했다고 한다.
검찰관계자는 ""세이브뱅크는 현지 카지노에서 운영하는 일종의 거래소와 같은 개념""이라면서 ""해외 원정도박꾼들이 이렇게 도박자금을 운용하며, 이는 무조건 외국환거래법을 위반하는 것""이라고 밝혔다.
#"
YG,빅뱅,승리,2019년 8월 8일,"2019년 8월 8일에는 양현석과 함께 라스베이거스 MGM호텔 VIP룸에서 도박을 했고, 주로 바카라를 플레이했으며 총 판돈으로 20억 원을 사용해 13억 원을 잃었다는 내용이
보도
됐다. 해당 VIP룸은 한화 15억 원을 예치해야 회원 자격을 얻는 곳으로, 경찰이 양현석과 승리의 출입 기록을 확보하고 조사 중인 것으로 알려졌다.
3.5.
기타 논란
[편집]
다음
에서 인터뷰를 했는데, 굳이 실명을 언급할 필요가 없음에도 실명을 거론하여 논란이 됐다. '인맥 좀 자랑해주세요.'란 질문에 함께 활동 중인
연예인
의 실명을 여러 번 거론하고 사적인 내용도 있어서 논란을 빚었다. 이후 승리는 인터뷰를 주의하겠다며 작게나마 사과를 전했으나, 사과문은 논란만큼 크게 퍼지지 않았다.
T.O.P
의 고기 사건 폭로와 탑탑탑 사건도 논란이 되었다. 이후 승리는 여기저기 방송을 돌며 멤버들의 폭로를 해명하느라 고생한 모양이다. 빅뱅이 예능에서 주로 승리를 희화화하며 팀킬을 시전하다 보니 일부 팬들은 빅뱅의 예능 일정을 달갑게 여기지 않는다. 승리의 2011년 GQ 인터뷰에 따르면 형들이 자신을 예능 소재거리로 삼는 것이 속상하기도 하지만 재밌기 위해서 어쩔 수 없이 했다고 한다.
Be.A
의 멤버 영균이
클럽 버닝썬 폭행 사건
을 통해 그를 저격하는 뉘앙스 글을 남겼다. 구체적 내용은 승리지만, 직접 이름 석 자를 거론하지는 않았고,
[4]
다만 삭제된 해시태그(#버닝썬 #물뽕 #성매매)를 보면 승리임이 100% 확실하다."
YG,빅뱅,승리,"2019년
3월 2일","2019년
3월 2일
인스타그램을 통해 글을 남겼는데, ""선배로서 한 마디 해주겠다며 스탭분들 다 보는 앞에서 '나랑 동갑 아닌가? 이만큼 해도 안되는 거면 기술이라도 배우는 게 낫지 않겠냐. 돈 벌어서 효도해야지'라고 조언이랍시고 비수를 꽂고 가시더니 이제 온 국민 앞에서 몇 배로 돌아가네요""라 전했다. 이어 ""효도는 늘 잘하고 있어요. 돈으로 효도하는 거 아니더라고요. 사람은 역시 겸손해야 된다는 걸 배우게는 해주셔서 감사하네요"" 라고 덧붙였다.
비에이 영균, '성접대 의혹' 승리 저격? ""비수 꽂더니 몇배로 돌아가…""
결국 논란이 지속되자 팬들도 갈라지는 현상이 벌어지고 말았다."
YG,빅뱅,승리,"2019년
3월 9일","2019년
3월 9일
빅뱅 갤러리에서는 끊임없는 논란으로 인한 이미지 실추로 다른 멤버들에게도 피해니
승리
를 퇴출하라는 성명문을 발표했고, 퇴출은 다른 멤버들에게 피해라며 이에 반발하는 목소리도 있다.
빅뱅 팬들 ""승리 퇴출"" vs ""타 멤버에도 피해"" 갈등
그나마도 다른 멤버들을 걱정하여 저런 반응을 보이는 거고, 당연하겠지만 승리를 옹호하는 목소리는 찾기 힘들다. 팬 외의 대중으로 눈을 돌리면 저기서 더 나아가
아예 그룹을 해체하라
는 냉소적인 반응부터,
차라리 대형 사건에 연루되지 않은
태양
만 남거나 빠져나오는 게 나을 것
이라는 이야기까지 나돈다."
YG,빅뱅,승리,2023년 10월 4일,"2023년 10월 4일, 승리의 양다리 설 기사가 떴다. 승리가 두 여성과 시간차로 '양다리' 발리 여행을 갔다는 것이였다. 지난 9월 1일 친구들 사이에서 공식적인 연인 관계를 선언했던 A와 9월 21일부터 25일까지 5박 6일 일정의 발리 여행을 갔다. 그리고 A와의 여행이 끝난 9월 25일부터 28일까지 또 다른 여성 B와 발리 여행을 다시 갔다고.
#
출소 후에도 변하지 않은 승리? 이번엔 두 여성과 시간차 '양다리' 발리 여행설
출소 후 해외여행을 다니고 있는 것과 전자발찌를 착용하지 않은 것도 논란이 되고 있다. 참고로 승리는 전자장치 부착 명령을 받지 않았다. 당연히 전자발찌 왜 안 채우냐는 반응도 있다."
YG,빅뱅,승리,2024년 1월 22일,"2024년 1월 22일 캄보디아 행사를 진행하던 중, 참석자들을 향해 손가락 욕설을 한 후
지드래곤
을 불러 오겠다는 발언을 하여 논란이 되었다.
중앙일보
,
조선일보
,
JTBC 사건반장
이 문서의 내용 중 전체 또는 일부는
BIGBANG/논란 및 사건 사고
문서의
r443
판,
3.5번 문단
에서 가져왔습니다.
이전 역사 보러 가기
스톰체대입시교육원
blog.naver.com/stormacademy
대체육관/교육원체육관/2022년40명중36명합격률 95%/건국대체교3년연속합격!
숨마투스 선릉 예체능전문관
blog.naver.com/summatussl
4월개강반
프리미엄반
학원시설
카카오톡
4월 슬로우스타트반 - 소수정예로 꼼꼼한 관리, 누구보다 빠르게, 남들과는 다르게
피스톤체대입시(마포점)
cafe.naver.com/mapopiston
타학원 재수생 삼수생이 가장많이 찾아오는학원입니다 높은 합격률과전국대학 컷보유
[1]
현재는 삭제된 기사이다
[2]
직접적으로 묻는 유희열의 질문에 ""왜곡된 부분이 많이 있다. 그리고 목이 졸리면 경찰에 신고해야지, 왜 잡지사에 신고하겠습니까?""라고 말했다.
[3]
이 문제의 신씨는 이후
신은성
(본명 정나라)으로 밝혀졌다.
[4]
믹스나인
기획사 투어 때 그를 심사한 인물이 승리였고, 영균에게 심사평가를 한 것이 그의 앙심을 산 듯하다. 물론 승리가 나이는 동갑이어도 연예계 경력에서 훨씬 선배인 것은 맞다. 하지만 ""나랑 동갑인데 이만큼 해도 안되면 기술이라도 배워라. 돈 벌어서
효도해야지
?""라는 조언이랍시고 아무런 쓸모도 없는 사실상 조롱에 가까운 내용이기 때문에 (편집이 되었는지 직접 말을 한 영상이 없다) 이건 선배고 뭐고 간에 인간성이 형편없다는 비난을 받아야 하는 것이 맞다. 애초부터 믹스나인에서
소리
에게 모욕적인 심사평을 한
양현석
마저도 좋은 소리를 못 들었는데, 그 양현석도 승리가 태어나기도 전에 연예계에서 구르던 까마득한 선배가 아니었던가? 그리고 아무리 선배라도 생각없이 아무렇게나 막말을 해서는 절대로 안 된다.
이 저작물은
CC BY-NC-SA 2.0 KR
에 따라 이용할 수 있습니다. (단, 라이선스가 명시된 일부 문서 및 삽화 제외)
기여하신 문서의 저작권은 각 기여자에게 있으며, 각 기여자는 기여하신 부분의 저작권을 갖습니다.
나무위키는 백과사전이 아니며 검증되지 않았거나, 편향적이거나, 잘못된 서술이 있을 수 있습니다.
나무위키는 위키위키입니다. 여러분이 직접 문서를 고칠 수 있으며, 다른 사람의 의견을 원할 경우 직접 토론을 발제할 수 있습니다.
장제원
노엘
만우절
김수현
폭싹 속았수다
윤석열
김유찬
마르티나(이터널 리턴)
이파리
박원순
장제원
It Only Takes a Minute
24초 전
뿔꼬마사슴벌레
24초 전
뿔(동음이의어)
25초 전
뿔고기
25초 전
It Is What It Is
25초 전
임유진(인터넷 방송인)
25초 전
바다(댄서)
26초 전
뿔 전사
26초 전
오종용
27초 전
뿔
27초 전
'성폭력 피소' 장제원 전 의원 숨진 채 발견…현장에 유서(종합2보)
尹대통령 '운명의 날'…헌재 탄핵심판 4일 오전 11시 선고(종합)
방콕지진서 무너지는 52층 다리 뛰어넘은 한국인…""가족 구하려""
심즈5 부재가 인조이에게는 기회?...김형준 디렉터가 말하는 심즈와의 경쟁
김수현, '120억 손배소'·카톡 분석 역효과?…'김수현 방지법' 청원 등장 [엑's 이슈]
더 보기
namu.wiki
Contáctenos
Términos de uso
Operado por umanle S.R.L.
Hecho con ❤️ en Asunción, República del Paraguay
Su zona horaria es
Asia/Seoul
Impulsado por the seed engine
This site is protected by reCAPTCHA and the Google
Privacy Policy
and
Terms of Service
apply. This site is protected by hCaptcha and its
Privacy Policy
and
Terms of Service
apply.
미래로"
YG,빅뱅,탑,2008년 11월 5일,"2008년 11월 5일, 항우울제를 다량 복용하고 병원에 실려간 사건이다.
#
당시 소속사와 본인은 자살 시도임을 부정했으나, 2017년에 대마초 흡연 논란으로 인한 자살 시도를 이때와 똑같은 방법으로 하였다.
2.2.
대마초 흡연
[편집]
자세한 내용은
T.O.P 대마초 흡연 사건
문서를 참고하십시오.
2.3.
군 복무 특혜 논란
[편집]
의경 복무 중 재복무 심사 결과
부적합
판정을 받아
의경
신분에서 퇴출됐다.
빅뱅 탑, 의경 신분 박탈된다...재복무심사서 '부적합'
결국"
YG,빅뱅,탑,2017년 8월 28일,"2017년 8월 28일 자로
육군
에서
보충역
판정을 내림에 따라 탑은 의경에서
강제 전역
됐으며, 나머지 기간
[1]
동안
사회복무요원
으로 복무할 것으로 전망되었다.
관련 기사
'
빅뱅 탑, 1월 용산구청 배치...사회복무 시작
' 기사에 따르면 병무청이 서울 용산구청 관계자에게 탑이 2018년 1월 중
사회복무요원
으로 배치될 것이라며 조만간 정식 공문
[2]
을 보낼 예정이라는 내용을 전달한 것으로 확인됐고, 용산구청 산하의 공예관으로 배치됐다.
사회복무요원으로 군 복무를 재개하면서 특혜 논란을 야기했다. 첫 출근부터 지각은 물론 구청장과의 개인 면담을 해 여론의 비난을 떠안았다. 디스패치의 보도에 의하면 다른 동료에 비해 3배 이상 많은 병가를 사용했으며 특히 휴일 앞뒤로 자주 아팠다고 한다.
#
사회복무요원으로 복무하면서 빅뱅은 신곡
꽃 길
음원을 발매 했는데, 이로 인해 탑이 겸직 금지 규정을 위반했다는 논란이 있었으나
병무청
이 '문제 없다'는 결론을 내린 것으로 알려졌다.
별 말썽 없이 의경에서 전역했다면,"
YG,빅뱅,탑,2018년 11월 5일,"2018년 11월 5일 수경 만기 전역으로 군 복무를 마무리하게 된다. 강제 전역 당시에는 일경 계급으로 괜히 대마에 손댔다가 2년 5개월이나 군 복무를 한 셈이 되었다.
3.
논란
[편집]
3.1.
의상 논란
[편집]
2007년에
욱일기
가 들어간 의상을 입고 방송에 출연해서 논란이 되었다. 이후 소속사 대표
양현석
이 대신 사과했다.
#
3.2.
담배 꽁초 무단 투기 논란
[편집]"
YG,빅뱅,탑,2016년 3월 14일,"2016년 3월 14일, 탑이 차 밖으로 담배 꽁초를 버리는 영상이 찍혀 논란이 되었다.
기사
.
3.3.
SNS 논란
[편집]
3.3.1.
스윙스 사진 낙서 논란
[편집]
2019년 자신의 인스타그램에 뜬금없이 래퍼
스윙스
의 얼굴사진에 낙서를 한 것을 게시해 논란이 되었다. 두 사람은 전혀 친분도 일면식도 없으며 (스윙스도 언급했다), 탑의 일방적인 행동이었기에 온라인상에서 무례하다며 큰 비난을 받았다. 탑은 이에 대해 어떤 해명도 사과도 하지 않았다.
이후 1년이 지나서도 이 사건이 끌어 올려지며 탑에 대한 비난이 쏟아지자, 스윙스는 자신의 인스타그램 스토리에 이 사건을 언급한뒤 '기분 나쁘지 않았다' 라며 탑에 대한 과도한 비판을 자제해 줄 것을 당부했다.
기사
3.3.2.
BIGBANG 부정 논란
[편집]"
YG,빅뱅,탑,2023년 6월 2일,"2023년 6월 2일, 디스패치를 통해 탈퇴 소식이 전해졌으나, 손편지나 SNS를 통한 직접적인 입장 표명이 없어 팬들에게 실망을 안겼다. 이후 네이버 프로필에서 데뷔 년도를 2010년에 발매된 본인의 솔로 앨범인
Turn It Up
으로 수정하고 프로필 음악과 수상 경력에서도 빅뱅의 흔적을 삭제하였으며 이외에도 '빅뱅'이라는 수식어가 붙은 자신의 기사
[3]
에 가위
[4]
표시해 인스타그램에 게시하며 빅뱅을 부정하는 듯한 모습을 보였다."
YG,빅뱅,탑,2024년 8월 19일,"2024년 8월 19일, 자신의 인스타그램을 태그한 팬 계정과
BIGBANG
멤버들을 차단하는 일이 벌어졌다. 특히 이 시기가 빅뱅의 데뷔 18주년과 겹쳐, 그가 빅뱅의 일원이었음을 부정하는 듯한 행보로 더욱 논란이 되었다."
YG,빅뱅,탑,2025년 1월 16일,"2025년 1월 16일에 공개된 인터뷰에서 그 이유를 털어놓았는데, 빅뱅을 탈퇴한 것은 대마초 사건 때문에 멤버들에게 죄책감을 느껴서이고, SNS에서 그를 빅뱅 그룹 사진에 태그한 팬들의 계정을 일일이 찾아다니면서 차단했던 데 대해서는 ""헤어진 가족사진을 보는 것이 괴로워서 그랬다.""라고 말했다. 그는 ""빅뱅을 제 인생에서 지우고 싶은 것은 전혀 아니다.""라며 ""빅뱅 멤버들은 찬란하고 아름다운 20대를 함께 한 가족 같은 존재들이기 때문에 함께 했던 사진을 보는 심정은 당사자가 아니면 모를 만큼 괴롭다.""라고 운을 뗐다. 그러면서 ""지금까지도, 앞으로도 빅뱅 멤버들에게는 미안한 마음밖에 없다.""라고 덧붙였다.
#
[1]
의경 복무 117일, 나머지 기간 520일.
[2]
배치되기 전까지 군 복무는 당연히 정지되며 정지 기간은 군복무로 인정되지 않는다.
[3]
빅뱅 글자 위
[4]
X
이 문서의 내용 중 전체 또는 일부는
BIGBANG/논란 및 사건 사고
문서의
r758
판,
2.2번 문단
에서 가져왔습니다.
이전 역사 보러 가기
성북구 관절척추, 더서울병원
theseoulhospital.com
서울대출신의료진, 정형외과(어깨,무릎,족부,수부,외상), 척추외과, 내과, 검진
가야건축디자인학원 공식
www.gayain.kr
포트폴리오
수강료조회
커리큘럼
예약할인
건축디자인 26년 경력의 전문강사진,  1:1 맞춤형 개인진도, 수강료 40%할인
서울야식 운남양꼬치 Go!
m.place.naver.com/restaurant/1255960333
서울야식 유튜브에 나온 인기맛집! 양고기, 마라요리, 중국본토요리 전문점
이 저작물은
CC BY-NC-SA 2.0 KR
에 따라 이용할 수 있습니다. (단, 라이선스가 명시된 일부 문서 및 삽화 제외)
기여하신 문서의 저작권은 각 기여자에게 있으며, 각 기여자는 기여하신 부분의 저작권을 갖습니다.
나무위키는 백과사전이 아니며 검증되지 않았거나, 편향적이거나, 잘못된 서술이 있을 수 있습니다.
나무위키는 위키위키입니다. 여러분이 직접 문서를 고칠 수 있으며, 다른 사람의 의견을 원할 경우 직접 토론을 발제할 수 있습니다.
장제원
노엘
만우절
김수현
폭싹 속았수다
윤석열
김유찬
마르티나(이터널 리턴)
이파리
박원순
장제원
쁘띠하루
22초 전
It's Only Me
22초 전
It's Only Rock 'n Roll
22초 전
쁘라윳 짠오차
22초 전
야스케 시뮬레이터
24초 전
It's Okay
24초 전
쁘띠쁘띠 뮤즈
24초 전
It's Now or Never
25초 전
쁘띠몬
25초 전
쁘띠빵빵
25초 전
'성폭력 피소' 장제원 전 의원 숨진 채 발견…현장에 유서(종합2보)
尹대통령 '운명의 날'…헌재 탄핵심판 4일 오전 11시 선고(종합)
방콕지진서 무너지는 52층 다리 뛰어넘은 한국인…""가족 구하려""
심즈5 부재가 인조이에게는 기회?...김형준 디렉터가 말하는 심즈와의 경쟁
김수현, '120억 손배소'·카톡 분석 역효과?…'김수현 방지법' 청원 등장 [엑's 이슈]
더 보기
namu.wiki
Contáctenos
Términos de uso
Operado por umanle S.R.L.
Hecho con ❤️ en Asunción, República del Paraguay
Su zona horaria es
Asia/Seoul
Impulsado por the seed engine
This site is protected by reCAPTCHA and the Google
Privacy Policy
and
Terms of Service
apply. This site is protected by hCaptcha and its
Privacy Policy
and
Terms of Service
apply.
미래로"
YG,빅뱅,태양,,nan
YG,빅뱅,지드래곤,2011년 10월 5일,"2011년 10월 5일, 지드래곤이 대마초 흡연으로 조사를 받았다는 기사가 올라와 팬들과 대중에게 충격을 주었다. 검찰 발표에 따르면 3개월 전 누군가의 첩보에 따라 검찰이 지드래곤을 조사하였고, 모발에서 대마초 양성반응이 검출되었다. 그러자 지드래곤은 5월에 대마를 흡입하였다는 사실을 시인, 검찰에서 소변 검사와 모발 검사를 한 결과 소변 검사는 음성, 모발에서는 극미량의 양성 반응만 나온 것으로 판정됐다.
지드래곤은 검찰 조사에서, 지난 5월 중순 공연을 위해 일본을 방문했을 때 참석한 일본 연예계 관계자들과의 파티에서, 술에 취해있을 때 어떤 일본인이 준 궐련형 담배 형태의 대마초를 담배로 착각하여 흡입했고 직후 이상함을 느끼고 버렸다고 진술했다. 검찰은 지드래곤이 기소유예 판정을 받은 것에 대해 구입기록이 전혀 없으며 고의적으로 대마초를 흡연한 것이 아니라는 사실과 상습이 아닌 초범이고,
양형 처리 기준에 미달하는 극소량
만 검출되어 어린 나이의 대학생인 점과 진심으로 반성하고 있는 점을 고려해
불기소
(
기소유예
) 처분
을 내렸다고 밝히며 ""지드래곤이 초범이고 흡연 횟수가 1회에 불과한 경우 통상적으로 기소유예 처분이 내려진다""고 전했다. 지드래곤은 당시 만취 상태였고 대마와 담배를 구분 못할 정도였다고 한다.
빅뱅 GD가 밝히는 대마초 사건의 전말
힐링캠프 | SBS ENTER
이후 지드래곤은
SBS
<
힐링캠프
>에 직접 출연, 해당 사건에 대해 일본 콘서트가 성황리에 끝나고 뒤풀이 자리에서 모르는 사람이 한 번 피워보라고 준 물건을 담배라고 착각하고 한 번 흡입했는데 이상해서 바로 버렸다고 한다. 근데 그게 알고 보니 대마초였으며  당시 장소가 어두웠고, 형태마저 본인이 피우는 담배와 비슷했기에 일어난 착오였다고 해명했다. 이후 연예인 관련 대마초 사건이 터졌을 때 G-DRAGON도 다른 연예인들과 함께 불시 검사를 받았으나 모두 음성 반응이 나왔으며 이후 10년간 관련 사건 없이 음악 활동을 해왔다.
이에 대해 네티즌들이 의문을 제기했다. 대마초를 한 번 흡입하고 버렸는데 어떻게 대마초가 검출이 됐는가에 대한 의문이 많았다. 사실 마약 검출 여부는 체질에 따라 다르다고 하며 극소량이라도 검출될 수 있다고 한다.
국과수의 마약 수사 과정을 취재한 기사
를 보면 사람의 체질에 따라 변수가 있다
[1]
,
다른 기사
에서는 체질에 따라 달라서 확답을 내리기 어렵다는 답변이 나왔다고 한다.
사건 직후인"
YG,빅뱅,지드래곤,2011년 10월 10일,"2011년 10월 10일에 방송된 MBC '기분 좋은 날'에 언급된 국과수 직원의 발언에 따르면, '한 번을 흡입해서도 검출되는 사례가 있다'고 한다. 모발에 대마 성분이 잔류하는 기간이 모두 똑같이 정해진 것이 아니라는 것. 즉, 어떤 사람은 실제로 대마를 피우고도 모발 검사에 안 걸리고 무사히 빠져나갈 수 있지만, 그렇다고 '딱 한 번만 피우고 두어 달이 지났으니 나는 안 걸리겠지'라고 안심할 수도 없다는 것.
[2]
2.
논란
[편집]
2.1.
개인 콘서트의 선정성 논란
[편집]
2009년 지드래곤의 첫 단독 콘서트 중 성행위를 연상 시키는 퍼포먼스가 논란이 되었다. 콘서트는 12세 관람가였고, 관객
대부분이 10대
였다.
문제가 된 퍼포먼스는 'Breathe'라는 곡에서였는데, 이 곡은 꿈 속에서 이상형을 만난 상황을 묘사한 내용이었다. 무대를 이동하던 G-DRAGON이 여자 댄서의 근처로 가자 누워있던 침대가 장치로 인해 세워지고, 붉은 조명에 남녀가 가까운 장면이 연출되며 이후 지드래곤과 여자 댄서가 다리를 포개고 스피커로는 남녀의 신음소리가 흘러나오는 퍼포먼스를 벌였다.
다음 곡인 ‘She's Gone’에서도 논란이 있었다. 스크린을 통해 표출된 영상에서 한 여인을 쫓아 칼로 찌르는 듯한 장면을 그림자를 통해 간접적으로 보여졌다. 이후 펼쳐진 피를 흘리며 쓰러져 있는 여성의 모습과 피 묻은 지드래곤의 얼굴이 확대되는 장면이 연출되었다.
이 논란으로
YG엔터테인먼트
의 공연팀장은 300만 원의 벌금을 물었고 공연음란혐의는 적용되지 않았다.(
검찰의 입건 유예 기사
)
이후 콘서트 DVD는 15세 이상 관람가 버전과 무삭제판이 따로 발매되었다.
2.2.
USB 음반 발매 논란
[편집]
관련 기사
대한민국 주류 가요계에서는
김장훈
에 이어 두 번째로 USB 앨범을 발표하였는데,
[3]
CD 앨범이 아닌 USB 형식의 앨범을 30,000원에 판매를 시작했다. USB의 안에는 음원 파일이 아니라 스트리밍 링크가 들어있다. 이와 관련하여 여러 비난이 발발했다. 문화체육관광부에서도 음이 유형물에 고정된 것이 음반의 정의이기 때문에 링크로 다운을 받는 형식의 USB 음반은 음반으로 인정할 수 없다고 못박았었다. 하지만 이 앨범을 기점으로 USB 또한 음반으로 인정받았다. 가온차트에서도 이 앨범을 음반으로 인정하지 않았었지만 그 다음해인 2018년부터 USB도 음반으로 인정하였다.
지드래곤은
인스타그램
에 'What The Problem?'이라며, ""누군지도 모르는 어떠한 사람의 결정에 따라 아티스트의 작업물이 겨우 '음반이다/아니다'로 나뉘면 끝인 걸까?""라는 반응을 내놓았다. 지드래곤의 주장에 따라 시대가 변하면서 이제는 극히 사용하는 사람이 드물거나 없는 카세트테이프, LP, CD가 아닌 새로운 USB 형태의 음반을 시도한 것은 긍정적으로 바라볼 수 있다. 물론 지금까지 이러한 형태의 음반이 없던 데는 다 이유가 있긴 하다.
[4]
다만 새로운 시도라는 USB 앨범의 퀄리티에 논란이 들끓었다. 구매했던 한 일본 팬이 USB에 칠해진 빨간 페인트가 손으로만 만져도 벗겨져 손에 빨간 페인트가 묻어났다는 SNS글을 게시하였고, 이 글이 각종 커뮤니티에 퍼져나갔다.
[5]
관련 정보
. 본래 빨간 페인트는 컨셉
[6]
에 맞춰 핏덩이의 느낌을 주기 위해 일부러 지워지도록 만든 것이다. 일각에서는 빅뱅의 ALIVE 피지컬 앨범을 컨셉에 맞게 일부러 녹이 생기도록 만든 것처럼, 이 앨범 또한 하나의 예술 작품처럼 바라봐야 한다는 의견이 있다. 다만 ALIVE 피지컬 앨범 또한 굳이 실제로 녹슬게 만들어야 했냐며 논란이 많았다.
[7]
일부 커뮤니티에선 매번 음원을 듣기 위해 손에 빨간 페인트를 묻혀야 하냐며 불만을 토로했다. 의도한 것이든 아니든 불편을 초래해야 하는 것이냐는 의견이다.
이후 USB 앨범 작업장 사진이 올라오면서 빨간 페인트의 정체가
마커
인 게 밝혀졌다. 나무 틀에 USB 수십 개를 넣고 마커로 칠한 것이다. USB 본체는 4GB 용량의 중국산 제품으로 밝혀졌다.
[8]
컨셉과는 별개로 과연 3만 원 가량의 앨범 가격에 걸맞은 품질이냐는 것에 불만을 갖는 의견들이 올라왔다. 사실 이 또한 음반 제작에 대한 대중들의 몰이해에서 비롯된 것인데, 음반 제작에는 생각 이외로 많은 비용이 투자된다. 본 앨범만 해도 지드래곤뿐만이 아닌 여러 아티스트들이 참여하여 제작을 거쳤고, 이들은 절대 공짜로 참여한 것이 아니다. 설령 지드래곤이 다른 아티스트의 참여 없이 오로지 본인 프로듀싱 100%로 제작을 했다고 해도, 믹싱 및 마스터링 작업에는 전문 엔지니어들이 참여한다. 만약 정말로 앨범의 시작부터 끝까지 모든 작업을 지드래곤 한 사람이 전담했다고 해도, 지드래곤에겐 음반을 제작하는 시간에 방송이나 콘서트 등으로 낼 수 있었을 수익을 매길 권리가 있다. 만약 지드래곤이 인지도 0의 신인이었다면 적자를 보더라도 음반을 최대한 많이 팔아서 인지도를 늘리는 것이 우선이겠으나, 이미 아티스트로서 많은 것을 이룩한 지드래곤이 본인의 예상 수익을 어떻게 매길지는 본인 선택인 것이다.
USB 안에는 음원을 들을 수 있는 사이트로 연결된 링크 하나가 들어있다. 지드래곤 측은 지속적인 업데이트를 위해 링크 형태로 제공한 것이라 밝혔다. 이후 지드래곤의 생일에 맞춰 링크를 통해 신곡 '개소리'의 뮤직비디오가 공개되었다.
3.
G-DRAGON이 피해자인 경우
[편집]
3.1.
표절 시비
[편집]
줄곧 표절에 대해 의혹이 존재했으나, 지드래곤의
첫 번째 솔로 앨범
출시를 앞두고 맛보기로 각각 30초 가량 공개한 'Heartbreaker', 'Butterfly', '소년이여' 세 곡에 표절 시비가 붙으며 논란이 더욱 커졌다.
#
해당 의혹곡 중 '소년이여'와
캐서린 맥피
의 'Not Ur Girl'을 비교해서 들어보면 알겠지만 사실 이것은 이전의 표절 의혹으로 인한 안티가 늘어난 후폭풍이기도 하다. 한 번 표절 의심이 터지고 나니까 ''설마 이것도 표절 아냐?""라고 일단 의심부터 하고 보았던 것. 이를 방증하듯 '소년이여' 표절 의혹은 너무나도 아니었기에 앞의 두 곡에 비해 빠르게 묻혔다. 'Heartbreaker' 이전에 'This Love
[9]
'나 '거짓말'로 표절 논란을 겪어 표절에 대한 의심의 정도가 높아졌는데, 거기에 'Heartbreaker' 사건으로 표절 이미지에 쐐기를 박았던 것이다.
이 표절 논란 당시 극성 안티팬들은 빅뱅 탈퇴 서명부터 시작해서
자살 서명운동
,
사지 절단 서명운동
등의 게시물을 올려댔고 길거리에 지드래곤을 욕하는 종이가 붙어있기도 했으며 인터넷상에서는 입에 담기도 힘든 온갖 욕들이 난무 하기도 했다.
#
심지어는
자살하라는 악플
에 당시 어린 나이인
21살
이던 지드래곤이 굉장히 견디기 힘들었다고 밝혔다.
'Butterfly'는
오아시스
의 'She's Electric'와
흡사하다
는 의혹이 있었다. 표절 시비는 정당한 경우도 있지만 부풀려진 경우도 있는데, 네티즌들이 만든 짤방 중에 오아시스가
BIGBANG
을 무시하며(혹은 사람들이 빅뱅과 오아시스를 비교하는 짤방) 돈 뜯을 거리 생겼다고 함박웃음을 짓는 짤이 바로 그러한 경우로, 실상은 조금 다르다. 오아시스는 표절 관련 사항에 대해서 상당히 관대한 편이다.
노엘 갤러거
가 '누가 우리 곡을 베껴도 상관 없다.'라는 말을 할 정도.
[10]
이는 오아시스 그 자체도 다른 곡에서 따와서 곡을 만드는 작업 방식을 해왔기 때문인데, GD가 표절했다고 의심받은 'She's Electric'도
비틀즈
의 명곡들을 이것저것 짜집기(혹은 오마주)해서 만든 곡이다. 이걸 가지고 표절 소송 운운한다면 그것 자체가 적반하장인 것. 비슷하다고 의혹이 제기된 후렴 부분(즉, 'She's Electric'의 후렴)은
조지 해리슨
의 명곡
While My Guitar Gently Weeps
의 0:50초부터 시작하는 부분과 흡사하다. 그럼에도 하도 오아시스의 이미지와 일치해서인지, '노엘이 1초만 표절해도 수십억 뜯어간다고 했다.'라는 식의 루머가 금세(금시에) 퍼져나갔다.
'Heartbreaker'는
플로 라이다
의 'Right Round' 한국 홍보를 맡고 있는 소니ATV 한국지사로부터 표절 경고장을 받았는데 이 때문에 이미 표절이 확정된 것처럼 루머가 퍼져나갔다. 그러나 해당 경고장은 아무런 법적인 효력이 없는 형식적인 서류일 뿐이고 YG 측은 이를 두고 '단지 매우 적은 지분을 가지고 있는 소니ATV가 도대체 무엇을 대표할 수 있느냐'며 표절 시비에 대한 논란 대상자(원작자)의 답변을 요구하였다. 하지만 이후
소니 ATV 측의 답은 없었다.
(관련 기사
#1
#2
) 그러다 2010년 3월
Heartbreaker를 플로 라이다 측에서 피쳐링해주기로 결정났다.
양현석
의 말에 따르면 2009년 10월 경 플로 라이다 내한 공연 당시 접촉하여 의견을 묻고 피처링이라는 강수를 내밀었고, 11월경 피처링을 진행하였다고 한다. 플로 라이다는 피처링뿐만 아니라
표절하지 않았다고 생각한다
고 직접 밝혔다.
'거짓말'의 경우, 논란 상대자인
프리템포
의 저작권을 담당하는 일본 회사 측에서 검토한 결과
전혀 문제가 없는 곡이다
라는 답변을 받았다.(
관련 기사
) 오히려 일본 회사 측에서 해당 논란이 생긴 YG 측을 걱정하는 전화를 했다고 한다. 이후 원작자인 프리템포 역시 거짓말에 대해
들어본 적이 있다. 내 노래를 참고해서 만든 게 아닌가 하는 생각이 들어 기뻤다
라며 표절이 아닌 적법한
레퍼런스
임을 공식적으로 긍정하고 문제 제기를 하지 않았다.
'This Love'에 대해서도 '
Maroon 5
의 This Love'를 표절한 것이라고 알고 있는 사람들이 있는데, 이것은 Maroon 5의 곡을
YG엔터테인먼트
측에서 정식으로 허가 받고 샘플링한 것이다. 사실 이 곡은 지드래곤이 데뷔 전에 연습용으로 'Maroon 5 - This Love'의 MR을 다운받아 가사를 붙이고 멜로디를 새로 만든 곡으로, 빅뱅 데뷔 전 찍은 리얼 다큐멘터리에 실리면서 좋은 반응을 얻게 되어 앨범에 들어간 것이다. 이 다큐멘터리에서도 이미 'Maroon 5 - This Love'를 샘플링했다는 자막이 있다. 이런 설명에 대해서 앨범에는 왜 원 저작자를 표기하지 않았느니 하는 시비가 있지만, 이는 사실과 다르다. (
G-DRAGON의 샘플링 관련 오해들
) 앨범 부클릿에 병행하여 표기되어 있으며 작사/작곡자를 지드래곤 이름으로 표기한 것은 실제로 지드래곤이 Maroon 5 곡의 반주 위에 새로 가사와 멜로디를 붙였기 때문이고 저작권협회에서는 본 곡의 저작권자로 Maroon 5 멤버들의 이름만이 올라가 있다. 또 이를 보고 2차 창작자인 빅뱅 측이 저작권을 포기하고 샘플 제공자인 Maroon 5에게 권리를 양도한다는 사실을 숨긴 것이라고 주장하는 이들도 있는데 이는 샘플링에 대한 무지에서 비롯된 것으로, 크레딧은 양자 간의 합의에 따라서 2차 창작자의 이름만 올린다든가 원작자와 2차 창작자의 이름을 같이 올린다든가 원작자의 이름만 올린다든가 등의 식으로 결정되는 것이다. 즉, 부클릿엔 지드래곤을 올리고 저작권협회에는 Maroon 5로 올린다는 것이 YG 측과 Maroon 5 측의 합의 결과라는 것이다.
지드래곤의 작곡 실력이 사람들의 의심을 받고, 항상 표절 논란에 시달리는 이유는 그의 작업 방식 때문이기도 하다. 사람들이 보통 생각하는 작곡가의 이미지는 악보에 하나하나 음계를 옮겨가며 작업하는 모습을 떠올리지만, GD의 경우에는 그렇지 않다. 2NE1 TV나 여타 다른 매체를 통해 비춰진 그의 작곡 방식은 기존에 스케치 수준으로 만들어진 트랙, 즉 힙합 장르에서 말하는 '
비트
[11]
'를 골라 그 위에 멜로디를 만들어내고 가사를 써내려가며 곡에 살을 덧붙이는 방식이다. 이는 전문 작곡가들과 편곡자들이 굉장히 많은 YG 회사의 영향이 크다고 볼 수 있을 것이다. 그렇기 때문에 그가 정통 '작곡가'이냐 아니냐의 논란이 일어나기도 하는데, 트랙 위에 대중들의 사랑을 받을 만한 멜로디를 써내려가는 것이 쉬운 일은 아니란 것을 염두에 두자. 그렇다고 YG의 언플만큼 천재 작곡가니 뭐니 하는 띄워주기는 자신도 부담스러워 한다니 그만두도록 하자. 사실 이러한 방식은
팝 음악
계에선 이미 꽤 오래전부터 보컬 멜로디 만드는 담당을 '탑라이너', 반주 만드는 담당을 '트랙메이커'라고 세분화하여 작업하고 있었다.
[12]
YG는 그것을 그대로 도입했을 뿐이고 당시 YG로 치면 탑라이너가 지드래곤, 트랙메이커가
용감한 형제
,
테디
인 것이다."
YG,빅뱅,지드래곤,2012년 9월 15일,2012년 9월 15일 발매한 EP One Of A Kind부터는 작곡 능력의 비판은 받지 않고 있다. G-DRAGON은 작곡가라기보다는 프로듀서에 가까운 것이 사실이다. 그리고
YG,빅뱅,지드래곤,2014년 11월 21일,"2014년 11월 21일에 발매한
GOOD BOY
에 G-DRAGON이 단독 편곡자로 이름을 올림으로서
비트메이킹
능력 또한 입증되었다.
3.2.
국군병원 특혜 입원 논란
[편집]
자세한 내용은
G-DRAGON 국군병원 특혜 입원 논란
문서를 참고하십시오.
결론은, 특혜 입원이 아니라 정당한 입원이었음이 확인되었고
의혹을 제기한 디스패치 측이 오히려 완패한 논란이다.
디스패치는 존재하지도 않는 대령병실 사진을 고묘하게 조작해가며 거짓된 기사를 보도했으며, 향후 대처에 관심이 쏠렸으나 아무 반론도 하지 않고 도망가버렸다.
3.2.1.
군대 내 스토킹 피해
[편집]
자세한 내용은
G-DRAGON 국군병원 특혜 입원 논란
문서의
G-DRAGON 관찰일지 논란
부분을 참고하십시오.
군생활을 하던 중 '지디 관찰일지'라고 적혀진 사진이 퍼졌는데 이 사진에는 신체사이즈, 속옷사이즈, 문신의 위치, 복용하는 약 등이 그려진 종이를 찍은 사진을 누군가 인스타에 올린 것. 이는 명백한
사생활 침해이며 스토킹 범죄 행위
이다. 사람을 동물 구경하듯이 관찰일지를 쓰냐며 어마어마한 비난을 받았다.
기사
3.3.
마약 투약 누명 사건
[편집]
자세한 내용은
G-DRAGON 마약 투약 누명 사건
문서를 참고하십시오.
기사실명제 하나로퀵 서울트럭
1577-3410.com
바로배송기사
배달퀵기사
가져오기배달
사다주기배달
기사실명제 하나로퀵 가전제품배송 학생원룸이사 선물배달 소상공인배송전문 서울트럭
상록수 화물차 차바닥
상록수.com
차바닥, 공구함,L자,문짝,유볼트,범퍼,갑바다이,하시라,던버클,나무다이,화물 용품
제주고소작업대
www.jejugoso.com
제주도 서귀포시 제주시 고소작업대 렌탈 임대 판매 A/S수리 전문업체 제주가가렌탈
[1]
흡연한 대마의 70%는 닷새 내에 배출되나
극미량의 지용성 성분이 체내에 축적되어 한 달 정도가 지난 뒤까지 검출되기도 한다.
참고로 현재 기술로는 1조분의 1그램에 불과한 극미량의 마약 성분도 알아낼 수 있다.
[2]
이곳
에서 다시 보기 서비스를 이용하면 23분부터 그 발언을 확인할 수 있다.
방송 캡처 화면으로도 확인할 수 있다.
[3]
김장훈 이전에
플라이 투 더 스카이
도 USB에 음원이 담긴 상품을 발매한 적이 있다. 한국의
인디밴드
에서도 이미 USB 앨범을 낸 경우도 있지만 대중적인 인지를 받지 못했다. 결론적으로 이 앨범을 기점으로 USB가 정식 음반으로 인정받았으니.
[4]
아날로그인 카세트테이프와 LP는 넘어가고 CD는 완전한 원음질의 음악을 담을 수 있는 유일한 매체이다. 물론 그에 거의 완전히 준하는 WAV와 FLAC 음원이 존재하므로 무손실 음원을 USB에 담으면 되기는 하나, 아티스트 입장에서는 굳이 더 비싼 단가로 앨범을 만들 필요가 없는 데다가 모험을 시도할 필요가 없기 때문이다.
[5]
지드래곤의 팬들은 그걸 왜 지웠냐며 비난을 하는 무개념 행동을 보이기도 했다.
[6]
앨범의 컨셉은 지드래곤의 두번째 월드 투어 이름과 같은 '모태'이며 이것이 USB에 지드래곤이 태어난 당시 지드래곤의 어머니가 직접 적은 생년월일과 권지용 이름이 각인된 이유이다.
[7]
녹이 인체에 유해하다는 것은 상식이다.
[8]
해당 USB와 비슷한 품질의 제품들은 2~3천 원에 판매되고 있다.
[9]
샘플링이었으나 당시 샘플링에 대한 대중의 인식의 문제로 말도 안 되는 표절 시비가 불거졌다.
[10]
이 루머는 오아시스가
코카콜라
CF 표절건에서 4초 표절이 인정되어 벌금으로 5억을 뜯기자
노엘
이 열받아 ""어떤 개새끼든 내 노래 1초라도 표절한 거 걸리기만 해봐. 아주 거지 새끼로 만들어줄 테니.""라는 발언을 했다는 것이 전제인데, 실은 노엘은 그런 말한 적이 없고, 이와 같이 끼어서 설명되는 ""개새끼들. 나 이제
펩시
만 먹는다.""라는 발언만 사실이다.
[11]
비트를 만드는 일은 편곡자가 하는 것이다. 힙합의 '비트'는 일반 노래로 치면 '반주'에 해당한다. 한편 반주를 만드는 사람이 편곡자인 것처럼, 힙합의 '비트'를 만드는 사람은
비트메이커
로 불린다.
[12]
케이팝
도 이제는 이런 작업 방식이 대중화되었다.
이 저작물은
CC BY-NC-SA 2.0 KR
에 따라 이용할 수 있습니다. (단, 라이선스가 명시된 일부 문서 및 삽화 제외)
기여하신 문서의 저작권은 각 기여자에게 있으며, 각 기여자는 기여하신 부분의 저작권을 갖습니다.
나무위키는 백과사전이 아니며 검증되지 않았거나, 편향적이거나, 잘못된 서술이 있을 수 있습니다.
나무위키는 위키위키입니다. 여러분이 직접 문서를 고칠 수 있으며, 다른 사람의 의견을 원할 경우 직접 토론을 발제할 수 있습니다.
장제원
노엘
만우절
김수현
폭싹 속았수다
윤석열
김유찬
마르티나(이터널 리턴)
이파리
박원순
장제원
쁘띠하루
38초 전
It's Only Me
38초 전
It's Only Rock 'n Roll
38초 전
쁘라윳 짠오차
38초 전
야스케 시뮬레이터
40초 전
It's Okay
40초 전
쁘띠쁘띠 뮤즈
40초 전
It's Now or Never
41초 전
쁘띠몬
41초 전
쁘띠빵빵
41초 전
'성폭력 피소' 장제원 전 의원 숨진 채 발견…현장에 유서(종합2보)
尹대통령 '운명의 날'…헌재 탄핵심판 4일 오전 11시 선고(종합)
방콕지진서 무너지는 52층 다리 뛰어넘은 한국인…""가족 구하려""
심즈5 부재가 인조이에게는 기회?...김형준 디렉터가 말하는 심즈와의 경쟁
김수현, '120억 손배소'·카톡 분석 역효과?…'김수현 방지법' 청원 등장 [엑's 이슈]
더 보기
namu.wiki
Contáctenos
Términos de uso
Operado por umanle S.R.L.
Hecho con ❤️ en Asunción, República del Paraguay
Su zona horaria es
Asia/Seoul
Impulsado por the seed engine
This site is protected by reCAPTCHA and the Google
Privacy Policy
and
Terms of Service
apply. This site is protected by hCaptcha and its
Privacy Policy
and
Terms of Service
apply.
미래로"
YG,빅뱅,대성,2007년 7월 29일,"2007년 7월 29일, 전주에서 진행한
Want You Tour
콘서트 중
T.O.P
과 대성이 약 3m 높이의 무대에서 떨어지는 사고가 일어났다. 대성은 팔꿈치와 옆구리에 경증의 찰과상을 입었고, T.O.P은 오른쪽 다리 인대에 부상을 입었다.
이 문단의 내용 중 전체 또는 일부는
SBS 가요대전 웬디 추락 사건
문서의
r307
판,
5번 문단
에서 가져왔습니다.
이전 역사 보러 가기
2.2.
2009년 교통사고 피해
[편집]"
YG,빅뱅,대성,2009년 8월 11일,"2009년 8월 11일 오후 4시 경,
패밀리가 떴다
촬영 이후 서울특별시로 가던 중
평택시
부근에서
빗길로 인한 교통사고를 당했다.
이 사고로 인해 대성은 코뼈, 척추, 왼쪽 눈뼈 등을 다치는 중상을 입어서 2달 가까이 치료를 받아야 했으며, 동승했던 코디네이터 또한 다리 중상으로 수술을 해야 했다. 이로 인해 대성은 패밀리가 떴다에서 임시로 하차했고, 그 자리에는 승리가 대신
참여했다.
2.3.
2011년 교통사고
(무혐의)
[편집]
자세한 내용은
대성 2011년 교통사고
문서를 참고하십시오.
2.4.
2019년
불법 유흥업소 운영 방조 의혹 (무혐의)
[편집]
(군 입대 전) Last Dance Tour 투어가 있었고, 일본에서 주로 활동하고 있었다. 2017년 11월에 대리인을 통해서 대리매입
[1]
한
대성이 소유한 빌딩에서 불법 유흥업소를 운영한다는 논란이 일어났다.
대성의 관계자들은 유흥업소 운영에 대해 몰랐다고 부인했고 부동산 중개업자들은
'대성이 이런 사실을 몰랐을 리 없다'
라고 설명을 했다. 그에 더해 빌딩에 입주했던 업소의 업주들도 친한 연예인들이 방문했었다며, 대성이 몰랐을 리가 없다는
주장
을 내놓았다.
설령 대성이 이를 정말로 몰랐다고 하더라도 건물주의 과실이 나오기 때문에 처벌을 피할 수 없을 것으로 보인다는 전망이 나왔다. 유흥업소는 2005년부터 사업자등록까지 식당, 사진관으로 작정하고 속이고 간판도 없이 비밀 영업을 했다고 한다. 심지어 소방서와 강남구청도 15년 동안 몰랐다.
[2]
이 건물은 강남 학동사거리에 위치하며 1층에
스타벅스
가
입주
해 있다.
대성은 유흥업소 운영에 대해 인지하지 못했다며, 해당 업소는 즉시 법적 조치를 취하겠다는
공식 입장
을 발표했다.
경찰조사 결과 대성의 지인들이 해당 유흥업소를 오고간 정황은 발견할 수 없었으며 성매매는 대성 소유 건물이 아닌 외부 숙박업소에서 이뤄진 것이라고 한다.
#"
YG,빅뱅,대성,2020년 1월 3일,"2020년 1월 3일 경찰이 불법 업소 업주와 종업원 등 56인을 기소 의견으로 넘겼다. 한편, 대성은 경찰 조사에서 불기소 의견으로 검찰에 넘기며
무혐의
처분 받았다.
#
2.4.1.
2019년
재산세 및 취득세 추징
[편집]
상술된 문단
내용대로 본인 소유 건물에서 유흥주점이 불법영업한 사실이 적발됨에 따라 강남구청이 조사에 착수했다. 서울지방국세청도 보도 후 대성의 건물에 대해 조사에 착수했다. 유흥주점이 들어선 건물의 소유자는 일반 건물보다 최대 16배의 재산세를 더 내야 하는데, 해당 건물에 유흥주점이 5개나 있음에도, 불법영업 사실을 몰랐던 대성은 2017년 건물 매입 후 모두 일반사업자(일반음식점) 기준에 맞춰 납부해왔기 때문이었다.
기사
[3]
2019년 11월 세무당국은 대성에게 지방세 총 12억원을 추가로 내라는 납부고지서를 보냈다. 재산세는 일반 세율의 16배인 최대 10억원, 취득세는 4배 수준인 최대 2억원을 부과하였다.
[1]
특히 연예인 같은 경우는 대리인을 통해서 매입을 하며 본인이 하지 않는다.
[2]
여론은 공기관의 무능이 연예인 때문에 밝혀지는 현실에 낙담하는 추세다.
[3]
상술된 내용에도 있듯이 불법영업 사실을 몰랐더라도 건물주 과실로 처리된다.
이 문서의 내용 중 전체 또는 일부는
BIGBANG/논란 및 사건 사고
문서의
r816
판,
2.3번 문단
에서 가져왔습니다.
이전 역사 보러 가기
맞춤정장은 역시 슈트패브릭!
suitfabric.co.kr
맞춤정장, 정장대여 전문, 자체 공방에서 제작되는 비스포크 정장, 전국 직영 매장
에반테일러 서울맞춤정장
blog.naver.com/wjsdydgh0314
도합 90년 명인이 테일링하는 결혼예복 수제 서울맞춤정장
맞춤수트 HK테일러
www.hktailor.co.kr
브랜드 소개
갤러리
매장 안내
프로모션
인생정장을 지어드립니다, 수입원단 전문점, 시즌 프로모션.
이 저작물은
CC BY-NC-SA 2.0 KR
에 따라 이용할 수 있습니다. (단, 라이선스가 명시된 일부 문서 및 삽화 제외)
기여하신 문서의 저작권은 각 기여자에게 있으며, 각 기여자는 기여하신 부분의 저작권을 갖습니다.
나무위키는 백과사전이 아니며 검증되지 않았거나, 편향적이거나, 잘못된 서술이 있을 수 있습니다.
나무위키는 위키위키입니다. 여러분이 직접 문서를 고칠 수 있으며, 다른 사람의 의견을 원할 경우 직접 토론을 발제할 수 있습니다.
장제원
노엘
만우절
김수현
폭싹 속았수다
윤석열
김유찬
마르티나(이터널 리턴)
이파리
박원순
장제원
삐야기(삐야기 시리즈)
25초 전
Iwrotehaikusaboutcannibalisminyouryearbook
25초 전
삐야기 시리즈/등장인물
26초 전
정슬
27초 전
Ivy(Cytus II)
27초 전
삐순이
28초 전
울트라맨 타로
28초 전
It’s On (Dr. Dre) 187um Killa
29초 전
삐뿌와 수수께끼여행
30초 전
It’s Never Really Over
30초 전
'성폭력 피소' 장제원 전 의원 숨진 채 발견…현장에 유서(종합2보)
尹대통령 '운명의 날'…헌재 탄핵심판 4일 오전 11시 선고(종합)
방콕지진서 무너지는 52층 다리 뛰어넘은 한국인…""가족 구하려""
심즈5 부재가 인조이에게는 기회?...김형준 디렉터가 말하는 심즈와의 경쟁
김수현, '120억 손배소'·카톡 분석 역효과?…'김수현 방지법' 청원 등장 [엑's 이슈]
더 보기
namu.wiki
Contáctenos
Términos de uso
Operado por umanle S.R.L.
Hecho con ❤️ en Asunción, República del Paraguay
Su zona horaria es
Asia/Seoul
Impulsado por the seed engine
This site is protected by reCAPTCHA and the Google
Privacy Policy
and
Terms of Service
apply. This site is protected by hCaptcha and its
Privacy Policy
and
Terms of Service
apply.
미래로"
YG,블랙핑크,제니,2020년 10월 2일,"2020년 10월 2일에 공개된 블랙핑크의 신곡 '
Lovesick Girls
'의 뮤직비디오에서
간호사
코스튬 의상을 입은
제니
의 모습을 두고
민주노총
산하
전국보건의료산업노동조합
이 간호사에 대한
성적 대상화
임을 주장해 결국 해당 장면이
검열
된 사건이다.
[1]
이에 대해 김헌식 대중문화평론가는 ""뮤직비디오 제작자는 성 상품화 의도가 없었다고 본다""며 창작의 자유가 과도하게 제약될 수 있음을 우려했다. 또한 YG는 아래의 입장문을 통해 ""특정한 의도는 전혀 없었으며 왜곡된 시선이 쏟아지는 것에 우려를 표한다""고 밝혔다.
소속사 입장문
[ 펼치기 · 접기 ]
블랙핑크 뮤직비디오 관련해 말씀 드립니다
먼저 현장에서 언제나 환자의 곁을 지키며 고군분투 중인 간호사 분들에게 깊은 존경의 마음을 전합니다.
'Lovesick Girls'는 우리는 왜 사랑에 상처받고 아파하면서도 또 다른 사랑을 찾아가는지에 대한 고민과 그 안에서 희망적인 메시지를 전한 곡입니다.
'Lovesick Girls' 뮤직비디오 중 간호사와 환자가 나오는 장면은 노래 가사 'No doctor could help when I’m lovesick'를 반영하였습니다.
특정한 의도는 전혀 없었으나 왜곡된 시선이 쏟아지는 것에 우려를 표합니다.
뮤직비디오도 하나의 독립 예술 장르로 바라봐 주시길 부탁드리며, 각 장면들은 음악을 표현한 것 이상 어떤 의도도 없었음을 이해해 주시면 감사하겠습니다.
제작진은 해당 장면의 편집과 관련해 깊이 고민하고 논의 중에 있습니다.
성적 대상화
의도가 없었음을 밝히고, 하나의 예술 장르로 바라봐달라는 해명에도 불구하고 지속적으로
성적 대상화
주장이 불거지자 결국 YG 측은 ""불편을 느끼신 간호사분들께 깊은 사과의 말씀 전한다""라고 간호사들에게 사과했다. 그리고 뮤직비디오에서 간호사 의상이 나오는 장면을 삭제하였다.
[2]
2.2.
판다
접촉 관련 중국의 억지 비난 피해
[편집]"
YG,블랙핑크,제니,2020년 11월 4일,"2020년 11월 4일 블랙핑크는 웹 예능
24/365 with BLACKPINK
예고편을 공개했다. 해당 영상에서 멤버들은
에버랜드
의
판다월드
를 찾아 생후 100일을 맞은
아기판다
를 만났다. 우리 철창 사이로 손을 뻗어 아기판다를 만지고, 잠시 후에는 사육사가 꺼내 준 판다를 직접 만나 포옹을 하기도 했는데, 이는 곧바로 중국 네티즌들 특유의 억지적인 비난으로 이어졌다.
관련 기사 #1
#2
중국의 SNS와 커뮤니티에서는 중국인 특유의 비난 여론이 엄청 거세다. 두꺼운 화장을 하고서 장갑 없이 판다와 직접 접촉했다는 것이 중국 누리꾼들이 억지 논리로 지적하는 부분이다. 일부 중국 네티즌은 한국 정부기관과 에버랜드까지 해시태그해 중국의 '국보'인 판다를 불법 훼손한 행위를 즉각 사과하라고 억지를 부리며 판다를 돌려줄 것을 강요했다.
[3]
하지만 중국 네티즌들이 특유의 억지를 부리며 주장한 내용과는 약간 차이가 있게도 영상 속 블랙핑크 멤버들은 후반부에 장갑과 마스크를 낀 채 출산한
엄마 판다
를 위한 특식을 준비하는가 하면, 전문 사육사의 안내에 따라 철창 너머의
아빠 판다
에게 손짓을 하며 건강검진을 한다. 아기 판다와 만날 때 역시 마스크에 장갑까지 착용하였으며 조심스럽게 아기 판다를 품에 안는다. 에버랜드 측은 ""블랙핑크의 촬영은 사육사들의 참여 아래 문제 없이 손소독 등 적절한 절차에 따라 이뤄졌다""고 논란을 일축했다.
결국 중국인들의 억지 주장들에 의하여 11월 7일 업로드 예정이었던 BLACKPINK -
24/365 with BLACKPINK
Last Episode 영상은 공개가 보류되었으며, 끝내 공개되지 못했다.
한국 및 다른 국가에서는 “중국 공산당이
방탄소년단
에 이어
BLACKPINK
도 사냥하려고 든다.”라는 여론이 지배적이다. 또
중국인들이 이런 억지 비난을 하는 것이 한두 번이 아니라
이유 없는 때리기라는 여론이 거세다. 실제로 예전에 중국의 레전드
NBA
농구선수인
야오밍
도
판다를 맨손으로 만졌지만 중국인이라는 이유에서였는지 그 때 당시엔 비난이 없었다.
또한 정작 문제의 판다인
러바오
와
아이바오
는
중국 동물원
에서 생활하던 시절 동물 학대를 당한 경험이 있다.
2.3.
아디다스 기념 행사 지각
[편집]"
YG,블랙핑크,제니,"2019년
10월 9일","2019년
10월 9일
오전, 서울 영등포구
타임스퀘어
에서 열린
아디다스
70주년 기념 '울트라부스트 한글' 러닝화 런칭 기념 행사에 약 20분 가량 지각한 사건.
YG엔터테인먼트
측은 교통체증으로 인한 불가피한 지연 사태라고 밝혔다.
이로 인해 본 행사를 위해 내한한
데이비드 베컴
과의 만남이 한 시간 정도 지체되었다.
#
행사 관계자는 ""블랙핑크가 지각한 부분에 대해 베컴이 특별히 불평을 제기하거나 불만을 드러내지는 않았다.“ 며 ”베컴은 현장에서 팬들에게 그 누구보다 기분 좋은 모습으로 팬서비스를 보여줬다""고 밝혔다.
3.
개인
[편집]
3.1.
제니
[편집]
3.1.1.
방역수칙 위반 루머 피해
[편집]"
YG,블랙핑크,제니,2021년 4월 14일,"2021년 4월 14일, 자신의
인스타그램
에 경기도 파주시에 위치한 한
수목원
에서 찍은 사진들을 게시했다. 문제는
제니
포함 7명이 모여서 아이스크림을 손에 들고 있는 사진이
코로나19
방역 수칙인 5인 이상 사적 모임 금지 수칙을 위반한 것이 아니냐는 의혹이 제기되었고 한
국내야구 갤러리
의 안티팬이 국민신문고를 통해 파주시에
민원을 넣었다
. 해당 수목원은 공식
블로그
통해 제니가 스케줄 때문에 수목원을 방문했다고 해명했고, 소속사 YG측에서도 영상 콘텐츠 촬영 때문에 방문하였다고 해명했다.
이후 민원을 접수한 파주시 측에서 조사에 들어갔고, 결국
파주시는 방역수칙을 위반하지 않았다고 결론을 내렸다
. 사전에 소속사를 통해 촬영신청서를 제출 하였으므로 방역수칙 위반이 아니라는 것이 파주시의 입장이다.
#
3.1.2.
실내 흡연 논란
[편집]
또 터진 연예인 실내 흡연 논란…이번엔 블랙핑크 제니"
YG,블랙핑크,제니,2024년 7월 2일,"2024년 7월 2일, 유튜브 브이로그에 올라온 순간적인 전자담배 흡연 장면을 한 해외 네티즌이
X
에 게재하며 알려졌다. 제니는 이탈리아 카프리로 한 패션 브랜드의 패션쇼 참석을 위해 출국하였는데, 런웨이 직전 헤어와 메이크업을 받던 중 스쳐 지나간 흡연 장면은 현재 삭제된 상태다.
7월 9일, 해당 논란에 대해 제니의 소속사
ODD ATELIER
측은 다음과 같은 입장문을 밝혔다.
#
소속사 입장문
[ 펼치기 · 접기 ]
안녕하세요.
OA엔터테인먼트입니다.
지난 2일 공개된 콘텐츠 내 제니의 행동에 불편함을 느끼신 모든 분께
진심으로 사과의 말씀을 전합니다.
제니 또한 실내에서 흡연한 점, 그로 인해 다른 스태프분들에게 피해를
드린 점에 대해 반성하고 있으며 당시 현장에 있던 스태프에게도
직접 연락을 취해 사과를 드렸습니다.
실망감을 느꼈을 팬분들께도 죄송하다는 말씀드리며,
앞으로 더 성숙하고 좋은 모습으로 보답하겠습니다.
감사합니다.
3.2.
리사
[편집]
3.2.1.
前 매니저에 의한 사기 피해
[편집]"
YG,블랙핑크,제니,"2020년
6월 2일","2020년
6월 2일 각 포털 사이트 연예부 메인에 리사가 데뷔 때부터 알고 지내던 전 매니저인 김 모 씨로부터 10억여 원의 사기 피해를 당한 사실이 뒤늦게 알려졌다. 전 매니저 김 모씨는 리사의 부동산을 대신 알아봐준다는 명분으로 리사에게서 10억여 원을 받았고, 그 돈을 도박에 탕진하여 많은 블랙핑크 팬들을 분노하게 만들었다.
이에
YG엔터테인먼트
는 공식입장을 올려 해당 매니저를 퇴사조치하였고, 피해 금액 중 일부는 변제했으며 갚지 못한 금액은 차차 변제하겠다는 약속을 받았다고 밝혔다. 변제 계획에 합의 후 현재는 퇴사한 상태이다. 또한 신뢰했던 전 매니저인 만큼 원만하게 해결하길 바란다는 리사의 뜻을 존중하여, 소속사는 매니저에게 법적 책임은 묻지 않겠다고 하였으며 걱정을 끼쳐드려 팬분들께 죄송하다는 입장문을 올리고 사건은 큰 문제 없이 잘 마무리되었다.
기사
소속사 입장문
[ 펼치기 · 접기 ]
내부적으로 파악한 결과 리사가 전 매니저 A씨로부터 사기 피해를 입은 사실을 확인했습니다.
신뢰했던 전 매니저였던 만큼 원만하게 해결되길 바라는 리사의 의사에 따라, A씨는 일부를 변제하고 나머지는 변제 계획에 합의 후 현재는 퇴사한 상태입니다.
아티스트를 사랑하는 팬분들의 심려를 끼쳐 드린 점 고개 숙여 사과드립니다.
당사는 아티스트와의 신뢰 관계를 악용한 A씨의 행각에 매우 당혹스러운 한편 관리·감독 책임을 통감하고 있습니다. 다시는 이같은 불미스러운 일이 없도록 재발방지책을 마련하고 있습니다.
네분원장 공동작명 미래작명소
www.mire2000.co.kr
작명소소개
신생아작명
개명/감명
상호/택일
40년전통 네분원장공동작명, 명품작명, KBS MBC SBS방송출연, 무료이름풀이
참이름
cn114.co.kr
KBS TV TCN YTN 출연, 매일신문운세해설10년연재,개성세련미의품격작명
청년철학관작명연구소48년전통
청년철학관작명연구소.com
운명을 확 바꿔주는 20단계 서일관 특별작명법은 48년전통의 작명 노하우입니다
[1]
뮤비·웹툰서 '성적 대상화' 지적 '봇물'…'표현의 자유' 우려도
[2]
#
[3]
전 세계 모든 판다의 소유권은 중국에 있고, 외국에는 임대 형태로 선물한다. 아기 판다는 우리나라에서 태어났지만 소유권은 여전히 중국에 있다.
이 저작물은
CC BY-NC-SA 2.0 KR
에 따라 이용할 수 있습니다. (단, 라이선스가 명시된 일부 문서 및 삽화 제외)
기여하신 문서의 저작권은 각 기여자에게 있으며, 각 기여자는 기여하신 부분의 저작권을 갖습니다.
나무위키는 백과사전이 아니며 검증되지 않았거나, 편향적이거나, 잘못된 서술이 있을 수 있습니다.
나무위키는 위키위키입니다. 여러분이 직접 문서를 고칠 수 있으며, 다른 사람의 의견을 원할 경우 직접 토론을 발제할 수 있습니다.
장제원
노엘
만우절
김수현
폭싹 속았수다
윤석열
김유찬
마르티나(이터널 리턴)
이파리
박원순
장제원
사가라 사노스케
10초 전
J-7
10초 전
사가라 미사에
11초 전
J-20
12초 전
J-200
12초 전
4월 4일
12초 전
사가라 류노스케
13초 전
J-16
13초 전
WWE 2K25
14초 전
J-15
14초 전
'성폭력 피소' 장제원 전 의원 숨진 채 발견…현장에 유서(종합2보)
尹대통령 '운명의 날'…헌재 탄핵심판 4일 오전 11시 선고(종합)
방콕지진서 무너지는 52층 다리 뛰어넘은 한국인…""가족 구하려""
심즈5 부재가 인조이에게는 기회?...김형준 디렉터가 말하는 심즈와의 경쟁
김수현, '120억 손배소'·카톡 분석 역효과?…'김수현 방지법' 청원 등장 [엑's 이슈]
더 보기
namu.wiki
Contáctenos
Términos de uso
Operado por umanle S.R.L.
Hecho con ❤️ en Asunción, República del Paraguay
Su zona horaria es
Asia/Seoul
Impulsado por the seed engine
This site is protected by reCAPTCHA and the Google
Privacy Policy
and
Terms of Service
apply. This site is protected by hCaptcha and its
Privacy Policy
and
Terms of Service
apply.
미래로"
YG,블랙핑크,지수,,nan
YG,블랙핑크,리사,2020년 10월 2일,"2020년 10월 2일에 공개된 블랙핑크의 신곡 '
Lovesick Girls
'의 뮤직비디오에서
간호사
코스튬 의상을 입은
제니
의 모습을 두고
민주노총
산하
전국보건의료산업노동조합
이 간호사에 대한
성적 대상화
임을 주장해 결국 해당 장면이
검열
된 사건이다.
[1]
이에 대해 김헌식 대중문화평론가는 ""뮤직비디오 제작자는 성 상품화 의도가 없었다고 본다""며 창작의 자유가 과도하게 제약될 수 있음을 우려했다. 또한 YG는 아래의 입장문을 통해 ""특정한 의도는 전혀 없었으며 왜곡된 시선이 쏟아지는 것에 우려를 표한다""고 밝혔다.
소속사 입장문
[ 펼치기 · 접기 ]
블랙핑크 뮤직비디오 관련해 말씀 드립니다
먼저 현장에서 언제나 환자의 곁을 지키며 고군분투 중인 간호사 분들에게 깊은 존경의 마음을 전합니다.
'Lovesick Girls'는 우리는 왜 사랑에 상처받고 아파하면서도 또 다른 사랑을 찾아가는지에 대한 고민과 그 안에서 희망적인 메시지를 전한 곡입니다.
'Lovesick Girls' 뮤직비디오 중 간호사와 환자가 나오는 장면은 노래 가사 'No doctor could help when I’m lovesick'를 반영하였습니다.
특정한 의도는 전혀 없었으나 왜곡된 시선이 쏟아지는 것에 우려를 표합니다.
뮤직비디오도 하나의 독립 예술 장르로 바라봐 주시길 부탁드리며, 각 장면들은 음악을 표현한 것 이상 어떤 의도도 없었음을 이해해 주시면 감사하겠습니다.
제작진은 해당 장면의 편집과 관련해 깊이 고민하고 논의 중에 있습니다.
성적 대상화
의도가 없었음을 밝히고, 하나의 예술 장르로 바라봐달라는 해명에도 불구하고 지속적으로
성적 대상화
주장이 불거지자 결국 YG 측은 ""불편을 느끼신 간호사분들께 깊은 사과의 말씀 전한다""라고 간호사들에게 사과했다. 그리고 뮤직비디오에서 간호사 의상이 나오는 장면을 삭제하였다.
[2]
2.2.
판다
접촉 관련 중국의 억지 비난 피해
[편집]"
YG,블랙핑크,리사,2020년 11월 4일,"2020년 11월 4일 블랙핑크는 웹 예능
24/365 with BLACKPINK
예고편을 공개했다. 해당 영상에서 멤버들은
에버랜드
의
판다월드
를 찾아 생후 100일을 맞은
아기판다
를 만났다. 우리 철창 사이로 손을 뻗어 아기판다를 만지고, 잠시 후에는 사육사가 꺼내 준 판다를 직접 만나 포옹을 하기도 했는데, 이는 곧바로 중국 네티즌들 특유의 억지적인 비난으로 이어졌다.
관련 기사 #1
#2
중국의 SNS와 커뮤니티에서는 중국인 특유의 비난 여론이 엄청 거세다. 두꺼운 화장을 하고서 장갑 없이 판다와 직접 접촉했다는 것이 중국 누리꾼들이 억지 논리로 지적하는 부분이다. 일부 중국 네티즌은 한국 정부기관과 에버랜드까지 해시태그해 중국의 '국보'인 판다를 불법 훼손한 행위를 즉각 사과하라고 억지를 부리며 판다를 돌려줄 것을 강요했다.
[3]
하지만 중국 네티즌들이 특유의 억지를 부리며 주장한 내용과는 약간 차이가 있게도 영상 속 블랙핑크 멤버들은 후반부에 장갑과 마스크를 낀 채 출산한
엄마 판다
를 위한 특식을 준비하는가 하면, 전문 사육사의 안내에 따라 철창 너머의
아빠 판다
에게 손짓을 하며 건강검진을 한다. 아기 판다와 만날 때 역시 마스크에 장갑까지 착용하였으며 조심스럽게 아기 판다를 품에 안는다. 에버랜드 측은 ""블랙핑크의 촬영은 사육사들의 참여 아래 문제 없이 손소독 등 적절한 절차에 따라 이뤄졌다""고 논란을 일축했다.
결국 중국인들의 억지 주장들에 의하여 11월 7일 업로드 예정이었던 BLACKPINK -
24/365 with BLACKPINK
Last Episode 영상은 공개가 보류되었으며, 끝내 공개되지 못했다.
한국 및 다른 국가에서는 “중국 공산당이
방탄소년단
에 이어
BLACKPINK
도 사냥하려고 든다.”라는 여론이 지배적이다. 또
중국인들이 이런 억지 비난을 하는 것이 한두 번이 아니라
이유 없는 때리기라는 여론이 거세다. 실제로 예전에 중국의 레전드
NBA
농구선수인
야오밍
도
판다를 맨손으로 만졌지만 중국인이라는 이유에서였는지 그 때 당시엔 비난이 없었다.
또한 정작 문제의 판다인
러바오
와
아이바오
는
중국 동물원
에서 생활하던 시절 동물 학대를 당한 경험이 있다.
2.3.
아디다스 기념 행사 지각
[편집]"
YG,블랙핑크,리사,"2019년
10월 9일","2019년
10월 9일
오전, 서울 영등포구
타임스퀘어
에서 열린
아디다스
70주년 기념 '울트라부스트 한글' 러닝화 런칭 기념 행사에 약 20분 가량 지각한 사건.
YG엔터테인먼트
측은 교통체증으로 인한 불가피한 지연 사태라고 밝혔다.
이로 인해 본 행사를 위해 내한한
데이비드 베컴
과의 만남이 한 시간 정도 지체되었다.
#
행사 관계자는 ""블랙핑크가 지각한 부분에 대해 베컴이 특별히 불평을 제기하거나 불만을 드러내지는 않았다.“ 며 ”베컴은 현장에서 팬들에게 그 누구보다 기분 좋은 모습으로 팬서비스를 보여줬다""고 밝혔다.
3.
개인
[편집]
3.1.
제니
[편집]
3.1.1.
방역수칙 위반 루머 피해
[편집]"
YG,블랙핑크,리사,2021년 4월 14일,"2021년 4월 14일, 자신의
인스타그램
에 경기도 파주시에 위치한 한
수목원
에서 찍은 사진들을 게시했다. 문제는
제니
포함 7명이 모여서 아이스크림을 손에 들고 있는 사진이
코로나19
방역 수칙인 5인 이상 사적 모임 금지 수칙을 위반한 것이 아니냐는 의혹이 제기되었고 한
국내야구 갤러리
의 안티팬이 국민신문고를 통해 파주시에
민원을 넣었다
. 해당 수목원은 공식
블로그
통해 제니가 스케줄 때문에 수목원을 방문했다고 해명했고, 소속사 YG측에서도 영상 콘텐츠 촬영 때문에 방문하였다고 해명했다.
이후 민원을 접수한 파주시 측에서 조사에 들어갔고, 결국
파주시는 방역수칙을 위반하지 않았다고 결론을 내렸다
. 사전에 소속사를 통해 촬영신청서를 제출 하였으므로 방역수칙 위반이 아니라는 것이 파주시의 입장이다.
#
3.1.2.
실내 흡연 논란
[편집]
또 터진 연예인 실내 흡연 논란…이번엔 블랙핑크 제니"
YG,블랙핑크,리사,2024년 7월 2일,"2024년 7월 2일, 유튜브 브이로그에 올라온 순간적인 전자담배 흡연 장면을 한 해외 네티즌이
X
에 게재하며 알려졌다. 제니는 이탈리아 카프리로 한 패션 브랜드의 패션쇼 참석을 위해 출국하였는데, 런웨이 직전 헤어와 메이크업을 받던 중 스쳐 지나간 흡연 장면은 현재 삭제된 상태다.
7월 9일, 해당 논란에 대해 제니의 소속사
ODD ATELIER
측은 다음과 같은 입장문을 밝혔다.
#
소속사 입장문
[ 펼치기 · 접기 ]
안녕하세요.
OA엔터테인먼트입니다.
지난 2일 공개된 콘텐츠 내 제니의 행동에 불편함을 느끼신 모든 분께
진심으로 사과의 말씀을 전합니다.
제니 또한 실내에서 흡연한 점, 그로 인해 다른 스태프분들에게 피해를
드린 점에 대해 반성하고 있으며 당시 현장에 있던 스태프에게도
직접 연락을 취해 사과를 드렸습니다.
실망감을 느꼈을 팬분들께도 죄송하다는 말씀드리며,
앞으로 더 성숙하고 좋은 모습으로 보답하겠습니다.
감사합니다.
3.2.
리사
[편집]
3.2.1.
前 매니저에 의한 사기 피해
[편집]"
YG,블랙핑크,리사,"2020년
6월 2일","2020년
6월 2일 각 포털 사이트 연예부 메인에 리사가 데뷔 때부터 알고 지내던 전 매니저인 김 모 씨로부터 10억여 원의 사기 피해를 당한 사실이 뒤늦게 알려졌다. 전 매니저 김 모씨는 리사의 부동산을 대신 알아봐준다는 명분으로 리사에게서 10억여 원을 받았고, 그 돈을 도박에 탕진하여 많은 블랙핑크 팬들을 분노하게 만들었다.
이에
YG엔터테인먼트
는 공식입장을 올려 해당 매니저를 퇴사조치하였고, 피해 금액 중 일부는 변제했으며 갚지 못한 금액은 차차 변제하겠다는 약속을 받았다고 밝혔다. 변제 계획에 합의 후 현재는 퇴사한 상태이다. 또한 신뢰했던 전 매니저인 만큼 원만하게 해결하길 바란다는 리사의 뜻을 존중하여, 소속사는 매니저에게 법적 책임은 묻지 않겠다고 하였으며 걱정을 끼쳐드려 팬분들께 죄송하다는 입장문을 올리고 사건은 큰 문제 없이 잘 마무리되었다.
기사
소속사 입장문
[ 펼치기 · 접기 ]
내부적으로 파악한 결과 리사가 전 매니저 A씨로부터 사기 피해를 입은 사실을 확인했습니다.
신뢰했던 전 매니저였던 만큼 원만하게 해결되길 바라는 리사의 의사에 따라, A씨는 일부를 변제하고 나머지는 변제 계획에 합의 후 현재는 퇴사한 상태입니다.
아티스트를 사랑하는 팬분들의 심려를 끼쳐 드린 점 고개 숙여 사과드립니다.
당사는 아티스트와의 신뢰 관계를 악용한 A씨의 행각에 매우 당혹스러운 한편 관리·감독 책임을 통감하고 있습니다. 다시는 이같은 불미스러운 일이 없도록 재발방지책을 마련하고 있습니다.
네분원장 공동작명 미래작명소
www.mire2000.co.kr
작명소소개
신생아작명
개명/감명
상호/택일
40년전통 네분원장공동작명, 명품작명, KBS MBC SBS방송출연, 무료이름풀이
참이름
cn114.co.kr
KBS TV TCN YTN 출연, 매일신문운세해설10년연재,개성세련미의품격작명
청년철학관작명연구소48년전통
청년철학관작명연구소.com
운명을 확 바꿔주는 20단계 서일관 특별작명법은 48년전통의 작명 노하우입니다
[1]
뮤비·웹툰서 '성적 대상화' 지적 '봇물'…'표현의 자유' 우려도
[2]
#
[3]
전 세계 모든 판다의 소유권은 중국에 있고, 외국에는 임대 형태로 선물한다. 아기 판다는 우리나라에서 태어났지만 소유권은 여전히 중국에 있다.
이 저작물은
CC BY-NC-SA 2.0 KR
에 따라 이용할 수 있습니다. (단, 라이선스가 명시된 일부 문서 및 삽화 제외)
기여하신 문서의 저작권은 각 기여자에게 있으며, 각 기여자는 기여하신 부분의 저작권을 갖습니다.
나무위키는 백과사전이 아니며 검증되지 않았거나, 편향적이거나, 잘못된 서술이 있을 수 있습니다.
나무위키는 위키위키입니다. 여러분이 직접 문서를 고칠 수 있으며, 다른 사람의 의견을 원할 경우 직접 토론을 발제할 수 있습니다.
장제원
노엘
만우절
김수현
폭싹 속았수다
윤석열
김유찬
마르티나(이터널 리턴)
이파리
박원순
장제원
사가라 사노스케
10초 전
J-7
10초 전
사가라 미사에
11초 전
J-20
12초 전
J-200
12초 전
4월 4일
12초 전
사가라 류노스케
13초 전
J-16
13초 전
WWE 2K25
14초 전
J-15
14초 전
'성폭력 피소' 장제원 전 의원 숨진 채 발견…현장에 유서(종합2보)
尹대통령 '운명의 날'…헌재 탄핵심판 4일 오전 11시 선고(종합)
방콕지진서 무너지는 52층 다리 뛰어넘은 한국인…""가족 구하려""
심즈5 부재가 인조이에게는 기회?...김형준 디렉터가 말하는 심즈와의 경쟁
김수현, '120억 손배소'·카톡 분석 역효과?…'김수현 방지법' 청원 등장 [엑's 이슈]
더 보기
namu.wiki
Contáctenos
Términos de uso
Operado por umanle S.R.L.
Hecho con ❤️ en Asunción, República del Paraguay
Su zona horaria es
Asia/Seoul
Impulsado por the seed engine
This site is protected by reCAPTCHA and the Google
Privacy Policy
and
Terms of Service
apply. This site is protected by hCaptcha and its
Privacy Policy
and
Terms of Service
apply.
미래로"
YG,블랙핑크,로제,,nan
